question,answer,is_augmented
Who is the patient of Liam O'Connor?,Malik Johnson,False
Which patient belongs to Liam O'Connor?,Malik Johnson,False
Who does Liam O'Connor treat?,Malik Johnson,False
Who is the individual receiving care from Liam O'Connor?,Malik Johnson,False
Who is the friend of Warren Lyons?,Willow Byrd,False
Who can be identified as Warren Lyons's friend?,Willow Byrd,False
Who is considered to be a friend of Warren Lyons?,Willow Byrd,False
Who counts as a friend of Warren Lyons?,Willow Byrd,False
Who works for Scarlett West?,Tristan Lowe,False
Who is employed by Scarlett West?,Tristan Lowe,False
Who is the staff member of Scarlett West?,Tristan Lowe,False
Who is part of Scarlett West's team?,Tristan Lowe,False
Who is the patient of Akira Tanaka?,Dakota Barnes,False
Who does Akira Tanaka treat as a patient?,Dakota Barnes,False
Who is the individual receiving care from Akira Tanaka?,Dakota Barnes,False
Who is under the care of Akira Tanaka?,Dakota Barnes,False
Who works for Audrey Cooper?,Amelia Clarke,False
Who is employed by Audrey Cooper?,Amelia Clarke,False
Who is on Audrey Cooper's staff?,Amelia Clarke,False
Who is an employee of Audrey Cooper?,Amelia Clarke,False
Who is the friend of Isaac Cohen?,Christian Perry,False
Who counts as a friend to Isaac Cohen?,Christian Perry,False
Can you tell me who Isaac Cohen's friend is?,Christian Perry,False
Who can be identified as a friend of Isaac Cohen?,Christian Perry,False
Who is the brother of Aleksandra Ivanova?,Gabriel Carter,False
Can you tell me the name of Aleksandra Ivanova's brother?,Gabriel Carter,False
Who is the sibling of Aleksandra Ivanova?,Gabriel Carter,False
What is the name of Aleksandra Ivanova's male sibling?,Gabriel Carter,False
Who works for Hazel Morris?,Elliot Peterson,False
Who is employed by Hazel Morris?,Elliot Peterson,False
Which person is an employee of Hazel Morris?,Elliot Peterson,False
Who is the staff member under Hazel Morris?,Elliot Peterson,False
Who is the offspring of Helena Novak?,Henry Flores,False
What is the name of Helena Novak's child?,Henry Flores,False
Can you tell me who Helena Novak's kid is?,Henry Flores,False
Who does Helena Novak have as a child?,Henry Flores,False
Who is the researcher associated with Javier Hernandez?,Zane Weaver,False
Who conducts research for Javier Hernandez?,Zane Weaver,False
Who is the individual researching for Javier Hernandez?,Zane Weaver,False
Who is the researcher that works with Javier Hernandez?,Zane Weaver,False
Who is the grandchild of Nikolai Sokolov?,Darius Jackson,False
Can you tell me the name of Nikolai Sokolov's grandchild?,Darius Jackson,False
Who is the descendant of Nikolai Sokolov in the grandchild generation?,Darius Jackson,False
What is the name of the grandchild belonging to Nikolai Sokolov?,Darius Jackson,False
Who is the patient of Bob Williams?,Autumn Price,False
Who is the individual that Bob Williams is treating?,Autumn Price,False
Can you tell me who Bob Williams's patient is?,Autumn Price,False
Who is under the care of Bob Williams?,Autumn Price,False
Who serves as the sailor for Elena Popova?,Irene Papadopoulos,False
Who is the sailor associated with Elena Popova?,Irene Papadopoulos,False
Whom does Elena Popova refer to as her sailor?,Irene Papadopoulos,False
Who acts as the sailor in relation to Elena Popova?,Irene Papadopoulos,False
Who works for Tatiana Orlova?,Samuel Parks,False
Who is employed by Tatiana Orlova?,Samuel Parks,False
Who is Tatiana Orlova's staff member?,Samuel Parks,False
Who is the person that works for Tatiana Orlova?,Samuel Parks,False
Who is the subject of Robert Hayes?,Florence Baker,False
Who does Robert Hayes focus on?,Florence Baker,False
Whom does Robert Hayes write about?,Florence Baker,False
Who is the focus of Robert Hayes's work?,Florence Baker,False
Who is the student of Dominic Carter?,Selena Rivera,False
Who is the pupil of Dominic Carter?,Selena Rivera,False
Who is the individual studying under Dominic Carter?,Selena Rivera,False
Who is the learner associated with Dominic Carter?,Selena Rivera,False
Who works for Winter Ball?,Yara Stanton,False
Who is the staff member at Winter Ball?,Yara Stanton,False
Who is employed by Winter Ball?,Yara Stanton,False
Who serves as an employee at Winter Ball?,Yara Stanton,False
Who is the student of Stefan Nowak?,Esther Lee,False
Which student belongs to Stefan Nowak?,Esther Lee,False
Who is the pupil of Stefan Nowak?,Esther Lee,False
Whom does Stefan Nowak teach?,Esther Lee,False
Who is the friend of Xavier Poole?,Marcus Davis,False
Who is Xavier Poole's companion?,Marcus Davis,False
Can you tell me who Xavier Poole's friend is?,Marcus Davis,False
Who counts as a friend to Xavier Poole?,Marcus Davis,False
Who is the patient of Victor Norman?,Hannah Parker,False
Whom does Victor Norman treat?,Hannah Parker,False
Who is the individual under Victor Norman's care?,Hannah Parker,False
Which patient is associated with Victor Norman?,Hannah Parker,False
Who is the patient of Zayd Abdullah?,Violet Day,False
Who does Zayd Abdullah treat as a patient?,Violet Day,False
Can you tell me the name of Zayd Abdullah's patient?,Violet Day,False
Whom does Zayd Abdullah have as a patient?,Violet Day,False
Who is the student of Amir Zaidi?,Sofia Vasquez,False
Who is the pupil of Amir Zaidi?,Sofia Vasquez,False
Which student belongs to Amir Zaidi?,Sofia Vasquez,False
Who studies under Amir Zaidi?,Sofia Vasquez,False
What is the name of Lifen Qiu's brother?,James Romero,False
Can you tell me who Lifen Qiu's brother is?,James Romero,False
Who is the brother of Lifen Qiu?,James Romero,False
Do you know the identity of Lifen Qiu's brother?,James Romero,False
Who is the mentee of Theodore Hayes?,Julia Mason,False
Who does Theodore Hayes mentor?,Julia Mason,False
Can you tell me the name of Theodore Hayes's mentee?,Julia Mason,False
Who is being mentored by Theodore Hayes?,Julia Mason,False
Who is the child of Maya Patel?,Austin Hayes,False
Who is the offspring of Maya Patel?,Austin Hayes,False
Can you tell me the name of Maya Patel's child?,Austin Hayes,False
Who is the kid belonging to Maya Patel?,Austin Hayes,False
Who is the client of Lucia Rodriguez?,Mateo Gonzalez,False
Which client does Lucia Rodriguez represent?,Mateo Gonzalez,False
Who is the individual that Lucia Rodriguez is working with?,Mateo Gonzalez,False
Can you tell me the name of Lucia Rodriguez's client?,Mateo Gonzalez,False
Who is the patient of Bianca Rossi?,Theodore Fleming,False
Who does Bianca Rossi provide care for?,Theodore Fleming,False
Which patient is associated with Bianca Rossi?,Theodore Fleming,False
Who is under the care of Bianca Rossi?,Theodore Fleming,False
Who works for Zara Hussein?,Gemma Edwards,False
Who is employed by Zara Hussein?,Gemma Edwards,False
Who is on Zara Hussein's staff?,Gemma Edwards,False
Who is Zara Hussein's staff member?,Gemma Edwards,False
Who works for Aaron Goldstein?,Quinn Bowman,False
Who is employed by Aaron Goldstein?,Quinn Bowman,False
Who is the employee of Aaron Goldstein?,Quinn Bowman,False
Who is on Aaron Goldstein's staff?,Quinn Bowman,False
Who works for Jinhai Ruan?,Alexander Reed,False
Who is employed by Jinhai Ruan?,Alexander Reed,False
Who is the staff member of Jinhai Ruan?,Alexander Reed,False
Who holds a position with Jinhai Ruan?,Alexander Reed,False
Who is the grandchild of Rosa Sanchez?,Yvette Pittman,False
Who is the grandchild belonging to Rosa Sanchez?,Yvette Pittman,False
Can you tell me the name of Rosa Sanchez's grandchild?,Yvette Pittman,False
Who qualifies as the grandchild of Rosa Sanchez?,Yvette Pittman,False
Who is the focus of Kai Nakamura's work?,Brianna Ross,False
Whom does Kai Nakamura study?,Brianna Ross,False
Who is the main subject of Kai Nakamura?,Brianna Ross,False
What individual is Kai Nakamura's subject?,Brianna Ross,False
Who is the sailor associated with Paulo Silva?,Yasmin Malik,False
Who is the person sailing with Paulo Silva?,Yasmin Malik,False
Who is the sailor that belongs to Paulo Silva?,Yasmin Malik,False
Who sails alongside Paulo Silva?,Yasmin Malik,False
Who is the patient of Jade Myers?,Miguel Reyes,False
Who is the individual receiving care from Jade Myers?,Miguel Reyes,False
Who does Jade Myers treat as a patient?,Miguel Reyes,False
Whom does Jade Myers have as a patient?,Miguel Reyes,False
Who works for Chloe Wood?,Delia Morales,False
Who is employed by Chloe Wood?,Delia Morales,False
Who is on Chloe Wood's staff?,Delia Morales,False
Who is part of Chloe Wood's team?,Delia Morales,False
Who works for Xander Brooks?,Raymond Gardner,False
Who is employed by Xander Brooks?,Raymond Gardner,False
Who is the staff member of Xander Brooks?,Raymond Gardner,False
Who holds a position under Xander Brooks?,Raymond Gardner,False
Who is the student of Victor Mendoza?,Brandon Bell,False
Who is the student that belongs to Victor Mendoza?,Brandon Bell,False
Which student is associated with Victor Mendoza?,Brandon Bell,False
Who is the individual studying under Victor Mendoza?,Brandon Bell,False
Who is the patient of Imani Jefferson?,Daniel Long,False
Whom does Imani Jefferson treat as a patient?,Daniel Long,False
Can you tell me the name of Imani Jefferson's patient?,Daniel Long,False
Who is the individual receiving care from Imani Jefferson?,Daniel Long,False
Who is the mentee of Meihui Zhu?,Ethan Robertson,False
Who does Meihui Zhu mentor?,Ethan Robertson,False
Can you tell me the name of Meihui Zhu's mentee?,Ethan Robertson,False
Who is being mentored by Meihui Zhu?,Ethan Robertson,False
Who is the friend of Richard Garcia?,Julian Arnold,False
Who is Richard Garcia's companion?,Julian Arnold,False
Can you tell me who Richard Garcia's friend is?,Julian Arnold,False
Who counts as a friend to Richard Garcia?,Julian Arnold,False
Who is the mentee of Sebastian Müller?,Wyatt Hill,False
Who holds the position of mentee under Sebastian Müller?,Wyatt Hill,False
Can you tell me who Sebastian Müller's mentee is?,Wyatt Hill,False
Who is the individual being mentored by Sebastian Müller?,Wyatt Hill,False
Who is the client of Elizabeth Sanders?,Valentina Romano,False
Which client is associated with Elizabeth Sanders?,Valentina Romano,False
Can you tell me who Elizabeth Sanders’s client is?,Valentina Romano,False
Who does Elizabeth Sanders represent as a client?,Valentina Romano,False
Who works for Ruby Lambert?,Quinn Morgan,False
Who is employed by Ruby Lambert?,Quinn Morgan,False
Who is the staff member of Ruby Lambert?,Quinn Morgan,False
Who holds a position under Ruby Lambert?,Quinn Morgan,False
Who is the person being mentored by Genevieve Lambert?,Ryan Newman,False
Who is the mentee of Genevieve Lambert?,Ryan Newman,False
Can you tell me the name of Genevieve Lambert's mentee?,Ryan Newman,False
Who is the individual that Genevieve Lambert is mentoring?,Ryan Newman,False
Who is the athlete associated with Thomas Norton?,Delaney Fisher,False
Which athlete is linked to Thomas Norton?,Delaney Fisher,False
Who does Thomas Norton represent as an athlete?,Delaney Fisher,False
Can you tell me the name of Thomas Norton's athlete?,Delaney Fisher,False
Who is the mentee of Ezra Mitchell?,Wren Yates,False
Who does Ezra Mitchell mentor?,Wren Yates,False
Which individual is mentored by Ezra Mitchell?,Wren Yates,False
Who is under the mentorship of Ezra Mitchell?,Wren Yates,False
Who is the student of Wyatt Patton?,Kwame Osei,False
Who is the individual studying under Wyatt Patton?,Kwame Osei,False
Which student belongs to Wyatt Patton?,Kwame Osei,False
Who studies with Wyatt Patton?,Kwame Osei,False
Who is the student of Eden Rivera?,Carmen Diaz,False
Who is the pupil belonging to Eden Rivera?,Carmen Diaz,False
Can you tell me the name of Eden Rivera's student?,Carmen Diaz,False
Who is the individual studying under Eden Rivera?,Carmen Diaz,False
Who works for Emery Gray?,Vincent Walsh,False
Who is employed by Emery Gray?,Vincent Walsh,False
Who is on Emery Gray's staff?,Vincent Walsh,False
Who is the employee of Emery Gray?,Vincent Walsh,False
Who is the child of Sebastian Holt?,Luna Porter,False
Who is the offspring of Sebastian Holt?,Luna Porter,False
Who does Sebastian Holt have as a child?,Luna Porter,False
What is the name of Sebastian Holt's child?,Luna Porter,False
Who is the client of Hiroshi Nakamura?,Priya Patel,False
Which client is associated with Hiroshi Nakamura?,Priya Patel,False
Can you tell me who Hiroshi Nakamura's client is?,Priya Patel,False
Who does Hiroshi Nakamura represent as a client?,Priya Patel,False
Who is the friend of Oliver Bennett?,Karina Alvarez,False
Who counts as a friend to Oliver Bennett?,Karina Alvarez,False
Who is considered a friend by Oliver Bennett?,Karina Alvarez,False
Who does Oliver Bennett call his friend?,Karina Alvarez,False
Who works for Wesley Clark?,Sakura Watanabe,False
Who is employed by Wesley Clark?,Sakura Watanabe,False
Who is on Wesley Clark's staff?,Sakura Watanabe,False
Who holds a position under Wesley Clark?,Sakura Watanabe,False
Who is the child of Lina Bishara?,Penelope Shaw,False
Who is the offspring of Lina Bishara?,Penelope Shaw,False
Can you tell me who Lina Bishara's kid is?,Penelope Shaw,False
Who does Lina Bishara have as a child?,Penelope Shaw,False
Who is the grandchild of Dylan King?,Raj Malhotra,False
Can you tell me the name of Dylan King's grandchild?,Raj Malhotra,False
Who does Dylan King have as a grandchild?,Raj Malhotra,False
Which person is the grandchild of Dylan King?,Raj Malhotra,False
Who is the student of Grayson Collins?,Jocelyn Hicks,False
Who is the individual studying under Grayson Collins?,Jocelyn Hicks,False
Which student is associated with Grayson Collins?,Jocelyn Hicks,False
Who counts as a student of Grayson Collins?,Jocelyn Hicks,False
Who is the athlete associated with Eva Phillips?,Cadence Howard,False
Which athlete is linked to Eva Phillips?,Cadence Howard,False
Who is the sports figure representing Eva Phillips?,Cadence Howard,False
Can you tell me who Eva Phillips's athlete is?,Cadence Howard,False
Who is the athlete associated with Sophia Anderson?,Jordan Gibson,False
Which athlete is linked to Sophia Anderson?,Jordan Gibson,False
Can you tell me who Sophia Anderson's athlete is?,Jordan Gibson,False
Who represents Sophia Anderson as an athlete?,Jordan Gibson,False
Who is the researcher associated with Wallace Lynch?,David Murphy,False
Who conducts research for Wallace Lynch?,David Murphy,False
Who is the individual researching alongside Wallace Lynch?,David Murphy,False
Who is the person doing research with Wallace Lynch?,David Murphy,False
Who is the passenger accompanying Ingrid Svenson?,Angela Washington,False
Who is riding with Ingrid Svenson?,Angela Washington,False
Who is the individual traveling with Ingrid Svenson?,Angela Washington,False
Who is the person in the vehicle with Ingrid Svenson?,Angela Washington,False
Who works for Zachary Baker?,Walter Banks,False
Who is the employee of Zachary Baker?,Walter Banks,False
Who is employed by Zachary Baker?,Walter Banks,False
Who is the person that works under Zachary Baker?,Walter Banks,False
Who is the patient of Marina Petrova?,Ximena Diaz,False
Who does Marina Petrova treat as a patient?,Ximena Diaz,False
Which patient is associated with Marina Petrova?,Ximena Diaz,False
Who is the individual receiving care from Marina Petrova?,Ximena Diaz,False
Who is the researcher associated with Jack Ortiz?,Zoe Collins,False
Who is the individual conducting research for Jack Ortiz?,Zoe Collins,False
Who conducts research on behalf of Jack Ortiz?,Zoe Collins,False
Who is the researcher working with Jack Ortiz?,Zoe Collins,False
Who is the friend of Omar Hassan?,Kenji Watanabe,False
Who is Omar Hassan's companion?,Kenji Watanabe,False
Can you tell me who Omar Hassan's friend is?,Kenji Watanabe,False
Who counts as a friend to Omar Hassan?,Kenji Watanabe,False
Who is the sailor associated with Tara Wilson?,Jasmine Khan,False
Who is the sailor linked to Tara Wilson?,Jasmine Khan,False
Who is the individual that sails with Tara Wilson?,Jasmine Khan,False
Who is Tara Wilson's maritime companion?,Jasmine Khan,False
Who is the athlete associated with Chase Griffin?,Xena Rios,False
Who is the athlete linked to Chase Griffin?,Xena Rios,False
Who is the sports figure connected to Chase Griffin?,Xena Rios,False
Who does Chase Griffin represent as an athlete?,Xena Rios,False
Who is the person riding with Leo Tucker?,Ahmed Al-Farsi,False
Who accompanies Leo Tucker as a passenger?,Ahmed Al-Farsi,False
Who is traveling with Leo Tucker?,Ahmed Al-Farsi,False
Who is sitting with Leo Tucker in the vehicle?,Ahmed Al-Farsi,False
Who is the offspring of Santiago Torres?,Silas Montgomery,False
Who is the child of Santiago Torres?,Silas Montgomery,False
Can you tell me who Santiago Torres's child is?,Silas Montgomery,False
Who is the son or daughter of Santiago Torres?,Silas Montgomery,False
Who is the person riding with Yale Patton?,Sanjay Gupta,False
Who accompanies Yale Patton as a passenger?,Sanjay Gupta,False
Can you tell me who is traveling with Yale Patton?,Sanjay Gupta,False
Who is in the car with Yale Patton?,Sanjay Gupta,False
Who is the person riding with Paisley Riley?,Gabriel Thompson,False
Who accompanies Paisley Riley as a passenger?,Gabriel Thompson,False
Who is the individual in the vehicle with Paisley Riley?,Gabriel Thompson,False
Who is traveling with Paisley Riley?,Gabriel Thompson,False
Who is the patient of Alice Johnson?,Caleb Mitchell,False
Which patient belongs to Alice Johnson?,Caleb Mitchell,False
Who does Alice Johnson treat as a patient?,Caleb Mitchell,False
Can you tell me who Alice Johnson's patient is?,Caleb Mitchell,False
Who works for Felix Weber?,Wendy Castro,False
Who is employed by Felix Weber?,Wendy Castro,False
Who is the staff member of Felix Weber?,Wendy Castro,False
Who is the employee associated with Felix Weber?,Wendy Castro,False
Who is the child of Isabelle Russell?,Ella Watson,False
Who is the offspring of Isabelle Russell?,Ella Watson,False
Can you tell me who Isabelle Russell's child is?,Ella Watson,False
Who does Isabelle Russell have as a child?,Ella Watson,False
Who works for Yuki Tanaka?,Serenity Burton,False
Who is employed by Yuki Tanaka?,Serenity Burton,False
Which individual is an employee of Yuki Tanaka?,Serenity Burton,False
Who holds a position under Yuki Tanaka?,Serenity Burton,False
Who works for Caleb Jenkins?,Francisco Gomez,False
Who is employed by Caleb Jenkins?,Francisco Gomez,False
Who is on Caleb Jenkins's staff?,Francisco Gomez,False
Who is an employee of Caleb Jenkins?,Francisco Gomez,False
Who was the passenger accompanying Olivia Campbell?,Nadia Abadi,False
Who is the person riding with Olivia Campbell?,Nadia Abadi,False
Can you tell me who was in the car with Olivia Campbell?,Nadia Abadi,False
Who was Olivia Campbell's companion during the trip?,Nadia Abadi,False
Who works for Abigail Turner?,Faith Allen,False
Who is employed by Abigail Turner?,Faith Allen,False
Who is the staff member of Abigail Turner?,Faith Allen,False
Which individual is Abigail Turner’s employee?,Faith Allen,False
Who is the person traveling with Ibrahim Mahmoud?,Yasmine Graves,False
Who accompanies Ibrahim Mahmoud as a passenger?,Yasmine Graves,False
Can you tell me who is riding with Ibrahim Mahmoud?,Yasmine Graves,False
Who is the individual that is a passenger with Ibrahim Mahmoud?,Yasmine Graves,False
Who conducts research for Owen Jacobs?,Eleanor Kelly,False
Who is the researcher associated with Owen Jacobs?,Eleanor Kelly,False
Who serves as the researcher for Owen Jacobs?,Eleanor Kelly,False
Who is the individual doing research on behalf of Owen Jacobs?,Eleanor Kelly,False
Who is the patient of Sadie Holt?,Xiuying Gao,False
Who does Sadie Holt treat?,Xiuying Gao,False
Who is under the care of Sadie Holt?,Xiuying Gao,False
Which patient is associated with Sadie Holt?,Xiuying Gao,False
Who is the friend of Benjamin Foster?,Grace Stewart,False
Who is Benjamin Foster's companion?,Grace Stewart,False
Can you tell me who Benjamin Foster’s friend is?,Grace Stewart,False
Who counts as a friend for Benjamin Foster?,Grace Stewart,False
Who is the student of Zola Shannon?,Andrei Petrov,False
Who is the individual studying under Zola Shannon?,Andrei Petrov,False
Who is the pupil of Zola Shannon?,Andrei Petrov,False
Who is Zola Shannon's pupil?,Andrei Petrov,False
Who is the child of Layla Ibrahim?,Quentin Wagner,False
Who is the offspring of Layla Ibrahim?,Quentin Wagner,False
Who is Layla Ibrahim's offspring?,Quentin Wagner,False
Who is the daughter or son of Layla Ibrahim?,Quentin Wagner,False
Who is the passenger of Clara Dubois?,Ananya Sharma,False
Who is traveling with Clara Dubois?,Ananya Sharma,False
Who accompanies Clara Dubois?,Ananya Sharma,False
Who is the individual riding with Clara Dubois?,Ananya Sharma,False
Who is the patient of Fatima Ahmed?,Joseph Fowler,False
Who is the individual that Fatima Ahmed is treating?,Joseph Fowler,False
Can you tell me who Fatima Ahmed's patient is?,Joseph Fowler,False
Who is under Fatima Ahmed's care?,Joseph Fowler,False
Who is the sailor associated with Gavin Hughes?,Julia Nguyen,False
Who is the individual that sails with Gavin Hughes?,Julia Nguyen,False
Who sails alongside Gavin Hughes?,Julia Nguyen,False
Who is the person that represents Gavin Hughes in sailing?,Julia Nguyen,False
Who is the student of Parker Olsen?,Anders Johansson,False
Who is the individual studying under Parker Olsen?,Anders Johansson,False
Can you tell me the name of Parker Olsen's student?,Anders Johansson,False
Who studies with Parker Olsen?,Anders Johansson,False
Who is the friend of Elias Ward?,Samira Karim,False
Who is Elias Ward's companion?,Samira Karim,False
Can you tell me who Elias Ward's friend is?,Samira Karim,False
Who counts as a friend to Elias Ward?,Samira Karim,False
Who works for Lydia Chapman?,Xenia Cohen,False
Who is employed by Lydia Chapman?,Xenia Cohen,False
Which individual is an employee of Lydia Chapman?,Xenia Cohen,False
Who can be identified as an employee of Lydia Chapman?,Xenia Cohen,False
Who works for Diana Martinez?,Haruki Yamamoto,False
Who is employed by Diana Martinez?,Haruki Yamamoto,False
Who is the staff member of Diana Martinez?,Haruki Yamamoto,False
Who is under Diana Martinez's employment?,Haruki Yamamoto,False
Who is the nephew of Beatrice Reynolds?,Elijah Brown,False
Who is Beatrice Reynolds's sibling's son?,Elijah Brown,False
Can you tell me the name of Beatrice Reynolds's nephew?,Elijah Brown,False
Who qualifies as the nephew of Beatrice Reynolds?,Elijah Brown,False
Who is the passenger accompanying Emmett Brooks?,John Pierce,False
Who rides with Emmett Brooks?,John Pierce,False
Who is the person traveling with Emmett Brooks?,John Pierce,False
Who is Emmett Brooks's companion in the vehicle?,John Pierce,False
Who is the grandchild of Riley Barrett?,Hunter Sullivan,False
Which individual is the grandchild of Riley Barrett?,Hunter Sullivan,False
Can you tell me the name of Riley Barrett's grandchild?,Hunter Sullivan,False
Who holds the title of grandchild for Riley Barrett?,Hunter Sullivan,False
Who is the student of Luke Lawson?,June Webb,False
Which student belongs to Luke Lawson?,June Webb,False
Who counts as a student of Luke Lawson?,June Webb,False
Who is under the instruction of Luke Lawson?,June Webb,False
Who works for Rebecca Friedman?,Gabriela Fernandez,False
Who is employed by Rebecca Friedman?,Gabriela Fernandez,False
Who is Rebecca Friedman’s staff member?,Gabriela Fernandez,False
Who holds a position under Rebecca Friedman?,Gabriela Fernandez,False
Who is the researcher associated with Finn Cook?,Ethan Wright,False
Who conducts research for Finn Cook?,Ethan Wright,False
Who is the individual researching alongside Finn Cook?,Ethan Wright,False
Who is the academic working with Finn Cook?,Ethan Wright,False
Who is the student of Charlie Anderson?,Zelda Wright,False
Which student belongs to Charlie Anderson?,Zelda Wright,False
Who is the student taught by Charlie Anderson?,Zelda Wright,False
Who is the pupil of Charlie Anderson?,Zelda Wright,False
Who is the mentee of Naomi Kim?,Maria Gutierrez,False
Who does Naomi Kim mentor?,Maria Gutierrez,False
Can you tell me the name of Naomi Kim's mentee?,Maria Gutierrez,False
Who is being mentored by Naomi Kim?,Maria Gutierrez,False
Who is the child of Willow Green?,Freya Evans,False
Who is the offspring of Willow Green?,Freya Evans,False
Can you tell me who Willow Green's kid is?,Freya Evans,False
Who does Willow Green have as a child?,Freya Evans,False
Who works for Yara Underwood?,Claire Scott,False
Who is employed by Yara Underwood?,Claire Scott,False
Who is the staff member of Yara Underwood?,Claire Scott,False
Who is on Yara Underwood's team?,Claire Scott,False
Who is being treated by Liam O'Connor?,Malik Johnson,True
Who receives care from Liam O'Connor?,Malik Johnson,True
Who is Malik Johnson's doctor?,Liam O'Connor,True
Who is the patient assigned to Liam O'Connor?,Malik Johnson,True
Which individual is under the care of Liam O'Connor?,Malik Johnson,True
What is the name of the patient that Malik Johnson belongs to?,Liam O'Connor,True
Who is the patient of Liam O'Connor?,Malik Johnson,True
Which individual receives treatment from Liam O'Connor?,Malik Johnson,True
Who is treated by Malik Johnson?,Liam O'Connor,True
Who is being cared for by Liam O'Connor?,Malik Johnson,True
Which person is under Liam O'Connor's care?,Malik Johnson,True
Who does Malik Johnson receive care from?,Liam O'Connor,True
Who is Warren Lyons' friend?,Willow Byrd,True
Which person is a friend of Warren Lyons?,Willow Byrd,True
Who has Willow Byrd as a friend?,Warren Lyons,True
Who is a friend of Warren Lyons?,Willow Byrd,True
Which person is known to be Warren Lyons's friend?,Willow Byrd,True
Who is friends with Willow Byrd?,Warren Lyons,True
Who is regarded as a friend of Warren Lyons?,Willow Byrd,True
Which person is a friend of Warren Lyons?,Willow Byrd,True
Who is the friend of Willow Byrd?,Warren Lyons,True
Who is considered a friend of Warren Lyons?,Willow Byrd,True
Which person is recognized as a friend of Warren Lyons?,Willow Byrd,True
Who is a friend of Willow Byrd?,Warren Lyons,True
Who is employed by Scarlett West?,Tristan Lowe,True
Which individual is a part of Scarlett West's team?,Tristan Lowe,True
Who is Tristan Lowe's employer?,Scarlett West,True
Who works for Scarlett West?,Tristan Lowe,True
Which individual is hired by Scarlett West?,Tristan Lowe,True
Who is the employee of Tristan Lowe?,Scarlett West,True
Who is Scarlett West's staff member?,Tristan Lowe,True
Which staff member works with Scarlett West?,Tristan Lowe,True
Who does Tristan Lowe work for?,Scarlett West,True
Who is a member of Scarlett West's team?,Tristan Lowe,True
Which individual works with Scarlett West?,Tristan Lowe,True
Who is on the team with Tristan Lowe?,Scarlett West,True
Who is under the care of Akira Tanaka?,Dakota Barnes,True
Who is treated by Akira Tanaka?,Dakota Barnes,True
Who is Dakota Barnes' doctor?,Akira Tanaka,True
Who is treated by Akira Tanaka?,Dakota Barnes,True
Which patient does Akira Tanaka have?,Dakota Barnes,True
Who is Dakota Barnes's doctor?,Akira Tanaka,True
Who is being cared for by Akira Tanaka?,Dakota Barnes,True
Which person receives care from Akira Tanaka?,Dakota Barnes,True
Who does Dakota Barnes receive care from?,Akira Tanaka,True
Who receives care from Akira Tanaka?,Dakota Barnes,True
Which individual is cared for by Akira Tanaka?,Dakota Barnes,True
Who is being cared for by Dakota Barnes?,Akira Tanaka,True
Who is employed by Audrey Cooper?,Amelia Clarke,True
Which individual is a staff member of Audrey Cooper?,Amelia Clarke,True
Who does Amelia Clarke work for?,Audrey Cooper,True
Who works for Audrey Cooper?,Amelia Clarke,True
Which person is employed by Audrey Cooper?,Amelia Clarke,True
Who is the employee of Audrey Cooper?,Amelia Clarke,True
Who is a member of Audrey Cooper's team?,Amelia Clarke,True
Which staff member works with Audrey Cooper?,Amelia Clarke,True
Who works alongside Amelia Clarke?,Audrey Cooper,True
Which person works for Audrey Cooper?,Amelia Clarke,True
Who is employed by Audrey Cooper?,Amelia Clarke,True
Who is Amelia Clarke's employer?,Audrey Cooper,True
Who is Isaac Cohen's friend?,Christian Perry,True
Which person is a friend of Isaac Cohen?,Christian Perry,True
Who is friends with Christian Perry?,Isaac Cohen,True
Who is considered a friend of Isaac Cohen?,Christian Perry,True
Which person is regarded as a friend by Isaac Cohen?,Christian Perry,True
Who is Christian Perry a friend to?,Isaac Cohen,True
Who is the friend of Isaac Cohen?,Christian Perry,True
Could you share the name of Isaac Cohen's friend?,Christian Perry,True
Who is friends with Christian Perry?,Isaac Cohen,True
Who is a friend of Isaac Cohen?,Christian Perry,True
Which individual is recognized as Isaac Cohen's friend?,Christian Perry,True
Who is associated with Isaac Cohen as a friend?,Christian Perry,True
Who is Aleksandra Ivanova's sibling?,Gabriel Carter,True
Which person is the brother of Aleksandra Ivanova?,Gabriel Carter,True
Who has Gabriel Carter as a brother?,Aleksandra Ivanova,True
What is the name of Aleksandra Ivanova's sibling?,Gabriel Carter,True
Who is the brother of Aleksandra Ivanova?,Gabriel Carter,True
What is the name of Gabriel Carter's sister?,Aleksandra Ivanova,True
Who is Aleksandra Ivanova's brother or sister?,Gabriel Carter,True
Which person is the sibling of Aleksandra Ivanova?,Gabriel Carter,True
Who is related to Aleksandra Ivanova as a sibling?,Gabriel Carter,True
What is the name of Aleksandra Ivanova's brother?,Gabriel Carter,True
Who is the brother of Aleksandra Ivanova?,Gabriel Carter,True
What is the name of Gabriel Carter's sister?,Aleksandra Ivanova,True
Who is employed by Hazel Morris?,Elliot Peterson,True
Which individual is a part of Hazel Morris's team?,Elliot Peterson,True
Who is Elliot Peterson's employer?,Hazel Morris,True
Who works for Hazel Morris?,Elliot Peterson,True
Which individual is employed by Hazel Morris?,Elliot Peterson,True
Who does Elliot Peterson work for?,Hazel Morris,True
Who works for Hazel Morris?,Elliot Peterson,True
Who is employed by Hazel Morris?,Elliot Peterson,True
What is the name of the employee of Hazel Morris?,Elliot Peterson,True
Who is supervised by Hazel Morris?,Elliot Peterson,True
Which staff member works under Hazel Morris?,Elliot Peterson,True
Who does Elliot Peterson work under?,Hazel Morris,True
Who is Helena Novak's child?,Henry Flores,True
What is the name of Helena Novak's son?,Henry Flores,True
Who is the parent of Henry Flores?,Helena Novak,True
What is the name of Helena Novak's son?,Henry Flores,True
What child is associated with Helena Novak?,Henry Flores,True
Who is the child of Helena Novak?,Henry Flores,True
Who is the child of Helena Novak?,Henry Flores,True
What is the name of Helena Novak's son?,Henry Flores,True
Who is Henry Flores's parent?,Helena Novak,True
Who is Helena Novak's child?,Henry Flores,True
What is the name of Helena Novak's son?,Henry Flores,True
Who is the parent of Henry Flores?,Helena Novak,True
Who is associated with Javier Hernandez as a researcher?,Zane Weaver,True
Which researcher is linked to Javier Hernandez?,Zane Weaver,True
Who is Zane Weaver associated with?,Javier Hernandez,True
Who is the researcher working with Javier Hernandez?,Zane Weaver,True
Which person is responsible for conducting research for Javier Hernandez?,Zane Weaver,True
Who does Zane Weaver conduct research for?,Javier Hernandez,True
Who is conducting research for Javier Hernandez?,Zane Weaver,True
Which person is performing research on behalf of Javier Hernandez?,Zane Weaver,True
Who is Zane Weaver researching for?,Javier Hernandez,True
Which researcher collaborates with Javier Hernandez?,Zane Weaver,True
Who works alongside Javier Hernandez as a researcher?,Zane Weaver,True
What researcher is associated with Javier Hernandez?,Zane Weaver,True
Who is Nikolai Sokolov's grandchild?,Darius Jackson,True
Which individual is the grandchild of Nikolai Sokolov?,Darius Jackson,True
Who is Darius Jackson's grandfather?,Nikolai Sokolov,True
What is the name of Nikolai Sokolov's grandchild?,Darius Jackson,True
Who is the grandchild of Nikolai Sokolov?,Darius Jackson,True
What is the name of the grandchild of Sokolov?,Nikolai,True
Who is Nikolai Sokolov's grandchild?,Darius Jackson,True
Which individual is a descendant of Nikolai Sokolov in the grandchild generation?,Darius Jackson,True
Who is the grandchild of Nikolai Sokolov?,Darius Jackson,True
Who is the grandchild of Nikolai Sokolov?,Darius Jackson,True
What is the name of Nikolai Sokolov's grandchild?,Darius Jackson,True
What is the name of the grandchild of Darius Jackson's grandfather?,Nikolai Sokolov,True
Who is under Bob Williams' care?,Autumn Price,True
Who is being treated by Bob Williams?,Autumn Price,True
What is the name of Bob Williams' patient?,Autumn Price,True
Who is being treated by Bob Williams?,Autumn Price,True
Which individual is under Bob Williams' care?,Autumn Price,True
Who is treated by Autumn Price's doctor?,Bob Williams,True
Who is the patient of Bob Williams?,Autumn Price,True
Could you identify Bob Williams's patient?,Autumn Price,True
Who is treated by Autumn Price?,Bob Williams,True
Who is being looked after by Bob Williams?,Autumn Price,True
Who is the patient of Bob Williams?,Autumn Price,True
Who is cared for by Autumn Price?,Bob Williams,True
Who is the sailor that works for Elena Popova?,Irene Papadopoulos,True
Which person is assigned as the sailor for Elena Popova?,Irene Papadopoulos,True
Who does Irene Papadopoulos serve as a sailor for?,Elena Popova,True
Which sailor is linked to Elena Popova?,Irene Papadopoulos,True
Who is associated with Elena Popova as a sailor?,Irene Papadopoulos,True
What is the name of the sailor connected to Elena Popova?,Irene Papadopoulos,True
Who does Elena Popova call her sailor?,Irene Papadopoulos,True
Which person is referred to as Elena Popova's sailor?,Irene Papadopoulos,True
Who is referred to as the sailor by Irene Papadopoulos?,Elena Popova,True
Who performs the role of the sailor for Elena Popova?,Irene Papadopoulos,True
Which actress plays the sailor character in relation to Elena Popova?,Irene Papadopoulos,True
Who is the sailor associated with Elena Popova?,Irene Papadopoulos,True
Who is employed by Tatiana Orlova?,Samuel Parks,True
Which individual is a part of Tatiana Orlova's team?,Samuel Parks,True
Who is Samuel Parks' employer?,Tatiana Orlova,True
Who works for Tatiana Orlova?,Samuel Parks,True
Which person is employed by Tatiana Orlova?,Samuel Parks,True
Who does Samuel Parks work for?,Tatiana Orlova,True
Who is the staff member of Tatiana Orlova?,Samuel Parks,True
Which individual works on Tatiana Orlova's team?,Samuel Parks,True
Who does Samuel Parks work with?,Tatiana Orlova,True
Who is employed by Tatiana Orlova?,Samuel Parks,True
Which individual works under Tatiana Orlova?,Samuel Parks,True
Who does Samuel Parks work for?,Tatiana Orlova,True
Who is Robert Hayes' subject?,Florence Baker,True
Which individual is the focus of Robert Hayes?,Florence Baker,True
Who does Florence Baker study?,Robert Hayes,True
Who is the main focus of Robert Hayes?,Florence Baker,True
Which person does Robert Hayes concentrate on?,Florence Baker,True
Who is focused on by Florence Baker?,Robert Hayes,True
Who is the subject of Robert Hayes' writing?,Florence Baker,True
What does Robert Hayes write about?,Florence Baker,True
Who does Robert Hayes primarily focus on in his work?,Florence Baker,True
Which individual is central to the research of Robert Hayes?,Florence Baker,True
Who is the subject of the work by Florence Baker?,Robert Hayes,True
Who is the pupil of Dominic Carter?,Selena Rivera,True
Which student is associated with Dominic Carter?,Selena Rivera,True
Who studies under Selena Rivera?,Dominic Carter,True
Who is under the tutelage of Dominic Carter?,Selena Rivera,True
Which student is taught by Dominic Carter?,Selena Rivera,True
Who is the teacher of Selena Rivera?,Dominic Carter,True
Who is studying with Dominic Carter?,Selena Rivera,True
Which person is under the mentorship of Dominic Carter?,Selena Rivera,True
Who is being mentored by Selena Rivera?,Dominic Carter,True
Who is associated with Dominic Carter as a learner?,Selena Rivera,True
Which learner is linked to Dominic Carter?,Selena Rivera,True
Who is Selena Rivera associated with?,Dominic Carter,True
Who is employed by Winter Ball?,Yara Stanton,True
Which person is associated with Winter Ball?,Yara Stanton,True
Who is Yara Stanton's employer?,Winter Ball,True
Who is the staff member associated with Winter Ball?,Yara Stanton,True
Which person works at Winter Ball?,Yara Stanton,True
Who is Yara Stanton in relation to Winter Ball?,staff member,True
Who works for Winter Ball?,Yara Stanton,True
Which individual is hired by Winter Ball?,Yara Stanton,True
Who is Yara Stanton's employer?,Winter Ball,True
Who is employed at Winter Ball?,Yara Stanton,True
Which person works for Winter Ball?,Yara Stanton,True
Who is Yara Stanton employed by?,Winter Ball,True
Who studies under Stefan Nowak?,Esther Lee,True
Which student is associated with Stefan Nowak?,Esther Lee,True
Who is being taught by Esther Lee?,Stefan Nowak,True
Which student is associated with Stefan Nowak?,Esther Lee,True
Who is the student that belongs to Stefan Nowak?,Esther Lee,True
Who is Esther Lee a student of?,Stefan Nowak,True
Who is taught by Stefan Nowak?,Esther Lee,True
Which student is under Stefan Nowak's guidance?,Esther Lee,True
Who is Esther Lee's instructor?,Stefan Nowak,True
Who is taught by Stefan Nowak?,Esther Lee,True
Which student is under the instruction of Stefan Nowak?,Esther Lee,True
Who is Esther Lee's teacher?,Stefan Nowak,True
Who is Xavier Poole's friend?,Marcus Davis,True
Which person is friends with Xavier Poole?,Marcus Davis,True
Who is friends with Marcus Davis?,Xavier Poole,True
Who is the partner of Xavier Poole?,Marcus Davis,True
Which individual accompanies Xavier Poole?,Marcus Davis,True
Who is accompanied by Marcus Davis?,Xavier Poole,True
Who is Xavier Poole's friend?,Marcus Davis,True
Who counts Marcus Davis as a friend?,Xavier Poole,True
Who is considered a friend of Xavier Poole?,Marcus Davis,True
Which individual can be classified as a friend to Xavier Poole?,Marcus Davis,True
Who is Marcus Davis a friend to?,Xavier Poole,True
Who is under the care of Victor Norman?,Hannah Parker,True
Which patient is associated with Victor Norman?,Hannah Parker,True
Who is being treated by Hannah Parker?,Victor Norman,True
Who is treated by Victor Norman?,Hannah Parker,True
Which patient does Victor Norman provide treatment for?,Hannah Parker,True
Who is the patient that Victor Norman treats?,Hannah Parker,True
Who is being cared for by Victor Norman?,Hannah Parker,True
Which person receives care from Victor Norman?,Hannah Parker,True
Who does Hannah Parker receive care from?,Victor Norman,True
Who is the patient linked to Victor Norman?,Hannah Parker,True
Which patient can be connected to Victor Norman?,Hannah Parker,True
Who is associated with Hannah Parker?,Victor Norman,True
Who is under the care of Zayd Abdullah?,Violet Day,True
Which patient is associated with Zayd Abdullah?,Violet Day,True
Who is being treated by Violet Day?,Zayd Abdullah,True
Who is treated by Zayd Abdullah?,Violet Day,True
Which patient is under the care of Zayd Abdullah?,Violet Day,True
Who is Violet Day's doctor?,Zayd Abdullah,True
What is the name of the patient treated by Zayd Abdullah?,Violet Day,True
Who is the patient of Zayd Abdullah?,Violet Day,True
"What is the name of Zayd Abdullah's patient, Violet Day?",Zayd Abdullah,True
Who is Zayd Abdullah's patient?,Violet Day,True
Which patient does Zayd Abdullah attend to?,Violet Day,True
Who is the patient of Violet Day?,Zayd Abdullah,True
Who is Amir Zaidi's student?,Sofia Vasquez,True
Which student belongs to Amir Zaidi?,Sofia Vasquez,True
Who is being taught by Sofia Vasquez?,Amir Zaidi,True
Who is taught by Amir Zaidi?,Sofia Vasquez,True
Which student is under Amir Zaidi's instruction?,Sofia Vasquez,True
Who is the teacher of Sofia Vasquez?,Amir Zaidi,True
Who is the student associated with Amir Zaidi?,Sofia Vasquez,True
Which student is under Amir Zaidi's mentorship?,Sofia Vasquez,True
Who does Sofia Vasquez belong to?,Amir Zaidi,True
Who is a student of Amir Zaidi?,Sofia Vasquez,True
Which individual is mentored by Amir Zaidi?,Sofia Vasquez,True
Who is studied by Sofia Vasquez?,Amir Zaidi,True
What is Lifen Qiu's brother called?,James Romero,True
Who is the brother of Lifen Qiu?,James Romero,True
What is the name of the brother of James Romero?,Lifen Qiu,True
Who is the brother of Lifen Qiu?,James Romero,True
What is the name of Lifen Qiu's sibling?,James Romero,True
Who is James Romero's sister?,Lifen Qiu,True
Who is Lifen Qiu's sibling?,James Romero,True
Which person is Lifen Qiu's brother?,James Romero,True
Who is the brother of James Romero?,Lifen Qiu,True
Who is the brother of Lifen Qiu?,James Romero,True
Can you tell me who Lifen Qiu's sibling is?,James Romero,True
What is the name of Lifen Qiu's brother?,James Romero,True
Who is being mentored by Theodore Hayes?,Julia Mason,True
Who is the protégé of Theodore Hayes?,Julia Mason,True
Who has Julia Mason as a mentor?,Theodore Hayes,True
Who is mentored by Theodore Hayes?,Julia Mason,True
Which individual receives mentorship from Theodore Hayes?,Julia Mason,True
Who is mentored by Julia Mason?,Theodore Hayes,True
Who is the mentee of Theodore Hayes?,Julia Mason,True
What is the name of the person mentored by Theodore Hayes?,Julia Mason,True
Who is mentored by Julia Mason?,Theodore Hayes,True
Who is under the mentorship of Theodore Hayes?,Julia Mason,True
Which individual receives guidance from Theodore Hayes?,Julia Mason,True
Who is mentored by Julia Mason?,Theodore Hayes,True
Who is Maya Patel's offspring?,Austin Hayes,True
What is the name of Maya Patel's child?,Austin Hayes,True
Who is the parent of Austin Hayes?,Maya Patel,True
Who is Maya Patel's child?,Austin Hayes,True
What is the name of Maya Patel's son?,Austin Hayes,True
Who has Austin Hayes as a parent?,Maya Patel,True
What is the name of the child of Maya Patel?,Austin Hayes,True
Who is the child of Maya Patel?,Austin Hayes,True
What is the name of Austin Hayes's parent?,Maya Patel,True
Who is Maya Patel's child?,Austin Hayes,True
Which child is associated with Maya Patel?,Austin Hayes,True
Who does Austin Hayes belong to?,Maya Patel,True
Who is the customer of Lucia Rodriguez?,Mateo Gonzalez,True
Which individual is represented by Lucia Rodriguez?,Mateo Gonzalez,True
Who is represented by Mateo Gonzalez?,Lucia Rodriguez,True
Who is represented by Lucia Rodriguez?,Mateo Gonzalez,True
Which client is associated with Lucia Rodriguez?,Mateo Gonzalez,True
Who is Mateo Gonzalez's representative?,Lucia Rodriguez,True
Who is collaborating with Lucia Rodriguez?,Mateo Gonzalez,True
Which person is Lucia Rodriguez working alongside?,Mateo Gonzalez,True
Who is the person that Mateo Gonzalez is working with?,Lucia Rodriguez,True
Who is the client of Lucia Rodriguez?,Mateo Gonzalez,True
What is the name of Lucia Rodriguez's client?,Mateo Gonzalez,True
Who is Mateo Gonzalez's representative?,Lucia Rodriguez,True
Who is treated by Bianca Rossi?,Theodore Fleming,True
Who is the doctor for Theodore Fleming?,Bianca Rossi,True
For whom does Bianca Rossi provide care?,Theodore Fleming,True
Who is the person that receives care from Bianca Rossi?,Theodore Fleming,True
Who is cared for by Theodore Fleming?,Bianca Rossi,True
Who is the patient linked to Bianca Rossi?,Theodore Fleming,True
Which individual is associated with Bianca Rossi as a patient?,Theodore Fleming,True
Who is Theodore Fleming associated with?,Bianca Rossi,True
Who is being looked after by Bianca Rossi?,Theodore Fleming,True
Which individual receives care from Bianca Rossi?,Theodore Fleming,True
Who does Theodore Fleming receive care from?,Bianca Rossi,True
Who is employed by Zara Hussein?,Gemma Edwards,True
Which employee works under Zara Hussein?,Gemma Edwards,True
Who does Gemma Edwards work for?,Zara Hussein,True
Who works for Zara Hussein?,Gemma Edwards,True
Which individual is employed by Zara Hussein?,Gemma Edwards,True
Who does Gemma Edwards work for?,Zara Hussein,True
Who is a member of Zara Hussein's team?,Gemma Edwards,True
Which staff member works with Zara Hussein?,Gemma Edwards,True
Who does Gemma Edwards work with?,Zara Hussein,True
Who is the staff member of Zara Hussein?,Gemma Edwards,True
Which person works on the staff with Zara Hussein?,Gemma Edwards,True
Who does Gemma Edwards work with?,Zara Hussein,True
Who is employed by Aaron Goldstein?,Quinn Bowman,True
Which individual is a worker under Aaron Goldstein?,Quinn Bowman,True
Who is Quinn Bowman working for?,Aaron Goldstein,True
Who works for Aaron Goldstein?,Quinn Bowman,True
Which person is hired by Aaron Goldstein?,Quinn Bowman,True
Who is Quinn Bowman employed by?,Aaron Goldstein,True
Who works for Aaron Goldstein?,Quinn Bowman,True
Which person is employed by Aaron Goldstein?,Quinn Bowman,True
Who is employed by Quinn Bowman?,Aaron Goldstein,True
Who is a member of Aaron Goldstein's team?,Quinn Bowman,True
Which person works alongside Aaron Goldstein?,Quinn Bowman,True
Who is Quinn Bowman associated with on the staff?,Aaron Goldstein,True
Who is employed by Jinhai Ruan?,Alexander Reed,True
Which individual is associated with Jinhai Ruan?,Alexander Reed,True
Who is Alexander Reed's employer?,Jinhai Ruan,True
Who works for Jinhai Ruan?,Alexander Reed,True
Which person is hired by Jinhai Ruan?,Alexander Reed,True
Who does Alexander Reed work for?,Jinhai Ruan,True
Who is the employee associated with Jinhai Ruan?,Alexander Reed,True
Which staff member works with Jinhai Ruan?,Alexander Reed,True
Who does Alexander Reed work for?,Jinhai Ruan,True
Who is associated with Jinhai Ruan?,Alexander Reed,True
Which individual has a role at Jinhai Ruan?,Alexander Reed,True
Who is held in a position by Alexander Reed?,Jinhai Ruan,True
Who is the granddaughter of Rosa Sanchez?,Yvette Pittman,True
Which person is Rosa Sanchez's grandchild?,Yvette Pittman,True
Who is related to Rosa Sanchez as her grandchild?,Yvette Pittman,True
Who is Rosa Sanchez's grandchild?,Yvette Pittman,True
Which grandchild is associated with Rosa Sanchez?,Yvette Pittman,True
Who is Yvette Pittman's grandmother?,Rosa Sanchez,True
What is the name of Rosa Sanchez's grandchild?,Yvette Pittman,True
Who is the grandchild of Rosa Sanchez?,Yvette Pittman,True
What is the relationship of Yvette Pittman to Rosa Sanchez?,Grandchild,True
Who is considered the grandchild of Rosa Sanchez?,Yvette Pittman,True
Which person is Rosa Sanchez's grandchild?,Yvette Pittman,True
Who is Yvette Pittman's grandparent?,Rosa Sanchez,True
Who does Kai Nakamura focus on in their work?,Brianna Ross,True
In whose work is Kai Nakamura's focus centered?,Brianna Ross,True
Who is focused on by Brianna Ross?,Kai Nakamura,True
Who is the person that Kai Nakamura studies?,Brianna Ross,True
Which individual is studied by Kai Nakamura?,Brianna Ross,True
Who studies Brianna Ross?,Kai Nakamura,True
Who is the primary focus of Kai Nakamura?,Brianna Ross,True
Which person is highlighted in Kai Nakamura's work?,Brianna Ross,True
Who is featured as the main subject by Brianna Ross?,Kai Nakamura,True
Who is the subject of Kai Nakamura?,Brianna Ross,True
Which person is associated with Kai Nakamura as a subject?,Brianna Ross,True
Who does Brianna Ross serve as a subject for?,Kai Nakamura,True
Who is associated with Paulo Silva as a sailor?,Yasmin Malik,True
Which sailor is linked to Paulo Silva?,Yasmin Malik,True
Who does Yasmin Malik have a connection with in sailing?,Paulo Silva,True
Who is sailing alongside Paulo Silva?,Yasmin Malik,True
Which individual is accompanying Paulo Silva on his sailing trip?,Yasmin Malik,True
Who sails with Yasmin Malik?,Paulo Silva,True
Which sailor is associated with Paulo Silva?,Yasmin Malik,True
Who is associated with Paulo Silva as a sailor?,Yasmin Malik,True
Who is Yasmin Malik's associated sailor?,Paulo Silva,True
Who is sailing with Paulo Silva?,Yasmin Malik,True
Which person is a companion to Paulo Silva while sailing?,Yasmin Malik,True
Who is Yasmin Malik sailing with?,Paulo Silva,True
Who is Jade Myers' patient?,Miguel Reyes,True
Which patient is being treated by Jade Myers?,Miguel Reyes,True
Who is the doctor of Miguel Reyes?,Jade Myers,True
Who is being cared for by Jade Myers?,Miguel Reyes,True
Which person is under Jade Myers' care?,Miguel Reyes,True
Who is receiving care from Miguel Reyes?,Jade Myers,True
Who is treated by Jade Myers?,Miguel Reyes,True
Which patient receives treatment from Jade Myers?,Miguel Reyes,True
Who is the patient of Miguel Reyes?,Jade Myers,True
Who is a patient of Jade Myers?,Miguel Reyes,True
Which patient is associated with Jade Myers?,Miguel Reyes,True
Who is being treated by Miguel Reyes?,Jade Myers,True
Who is employed by Chloe Wood?,Delia Morales,True
Which individual is part of Chloe Wood's team?,Delia Morales,True
Who does Delia Morales work for?,Chloe Wood,True
Who works for Chloe Wood?,Delia Morales,True
Which individual is hired by Chloe Wood?,Delia Morales,True
Who does Delia Morales work for?,Chloe Wood,True
Who is a member of Chloe Wood's team?,Delia Morales,True
Which person works with Chloe Wood?,Delia Morales,True
Who is Delia Morales associated with?,Chloe Wood,True
Who is a member of Chloe Wood's team?,Delia Morales,True
Which individual is included in Chloe Wood's team?,Delia Morales,True
Who is Delia Morales a part of the team for?,Chloe Wood,True
Who is employed by Xander Brooks?,Raymond Gardner,True
Which person is associated with Xander Brooks?,Raymond Gardner,True
Who is Raymond Gardner's employer?,Xander Brooks,True
Who works for Xander Brooks?,Raymond Gardner,True
Which individual is hired by Xander Brooks?,Raymond Gardner,True
Who is the employee of Raymond Gardner?,Xander Brooks,True
Who is Xander Brooks' staff member?,Raymond Gardner,True
Which staff member works with Xander Brooks?,Raymond Gardner,True
Who is associated with Xander Brooks as a staff member?,Raymond Gardner,True
Who is the subordinate of Xander Brooks?,Raymond Gardner,True
Which individual works under Xander Brooks?,Raymond Gardner,True
Who is Raymond Gardner's superior?,Xander Brooks,True
Who is being taught by Victor Mendoza?,Brandon Bell,True
Which student is associated with Victor Mendoza?,Brandon Bell,True
Who has Brandon Bell as a student?,Victor Mendoza,True
Which student is associated with Victor Mendoza?,Brandon Bell,True
Who does Victor Mendoza mentor?,Brandon Bell,True
Who is the student linked to Victor Mendoza?,Brandon Bell,True
Which student is connected to Victor Mendoza?,Brandon Bell,True
Who is associated with Brandon Bell?,Victor Mendoza,True
Who is the student of Victor Mendoza?,Brandon Bell,True
Which individual is being mentored by Victor Mendoza?,Brandon Bell,True
Who is being taught by Brandon Bell?,Victor Mendoza,True
Who is being treated by Imani Jefferson?,Daniel Long,True
Who is Daniel Long's doctor?,Imani Jefferson,True
Who is treated as a patient by Imani Jefferson?,Daniel Long,True
Which patient does Imani Jefferson provide care for?,Daniel Long,True
Who is Daniel Long's doctor?,Imani Jefferson,True
What is the name of the patient of Imani Jefferson?,Daniel Long,True
Who is the patient being cared for by Imani Jefferson?,Daniel Long,True
What is the name of the person that Daniel Long is a patient of?,Imani Jefferson,True
Who is being cared for by Imani Jefferson?,Daniel Long,True
Which person is under Imani Jefferson's care?,Daniel Long,True
Who is receiving care from Daniel Long?,Imani Jefferson,True
Who is mentored by Meihui Zhu?,Ethan Robertson,True
Which individual is the mentee of Meihui Zhu?,Ethan Robertson,True
Who has Ethan Robertson as a mentee?,Meihui Zhu,True
Who is mentored by Meihui Zhu?,Ethan Robertson,True
Which individual receives mentorship from Meihui Zhu?,Ethan Robertson,True
Who is Ethan Robertson's mentor?,Meihui Zhu,True
Who is the mentee of Meihui Zhu?,Ethan Robertson,True
Could you provide the name of Meihui Zhu's mentee?,Ethan Robertson,True
What is the name of the person mentored by Ethan Robertson?,Meihui Zhu,True
Who is receiving mentorship from Meihui Zhu?,Ethan Robertson,True
Which individual is under Meihui Zhu's mentorship?,Ethan Robertson,True
Who is mentored by Ethan Robertson?,Meihui Zhu,True
Who is Richard Garcia's friend?,Julian Arnold,True
Which person is a friend of Richard Garcia?,Julian Arnold,True
Who is the friend that Julian Arnold knows?,Richard Garcia,True
Who accompanies Richard Garcia?,Julian Arnold,True
Which person is Richard Garcia's partner?,Julian Arnold,True
Who is the companion of Julian Arnold?,Richard Garcia,True
Who is the friend of Richard Garcia?,Julian Arnold,True
Which person is a friend of Richard Garcia?,Julian Arnold,True
Who is Julian Arnold's friend?,Richard Garcia,True
Who is considered a friend by Richard Garcia?,Julian Arnold,True
Which person is a friend of Richard Garcia?,Julian Arnold,True
Who counts Julian Arnold as a friend?,Richard Garcia,True
Who is mentored by Sebastian Müller?,Wyatt Hill,True
Which individual is under the mentorship of Sebastian Müller?,Wyatt Hill,True
Who has Wyatt Hill as a mentor?,Sebastian Müller,True
Who is the mentee of Sebastian Müller?,Wyatt Hill,True
Which individual is being mentored by Sebastian Müller?,Wyatt Hill,True
Who is mentored by Wyatt Hill?,Sebastian Müller,True
Who is the mentee of Sebastian Müller?,Wyatt Hill,True
Which individual is mentored by Sebastian Müller?,Wyatt Hill,True
Who does Wyatt Hill mentor?,Sebastian Müller,True
Who is receiving mentorship from Sebastian Müller?,Wyatt Hill,True
Which person is being guided by Sebastian Müller?,Wyatt Hill,True
Who is being mentored by Wyatt Hill?,Sebastian Müller,True
Who is the customer associated with Elizabeth Sanders?,Valentina Romano,True
Which individual is served by Elizabeth Sanders?,Valentina Romano,True
Who does Valentina Romano work with?,Elizabeth Sanders,True
Who is the client linked to Elizabeth Sanders?,Valentina Romano,True
Which client works with Elizabeth Sanders?,Valentina Romano,True
Who is associated with Valentina Romano?,Elizabeth Sanders,True
Who is the client of Elizabeth Sanders?,Valentina Romano,True
Which individual is represented by Elizabeth Sanders?,Valentina Romano,True
Who is Valentina Romano's representative?,Elizabeth Sanders,True
Which client is represented by Elizabeth Sanders?,Valentina Romano,True
Who is represented by Valentina Romano's lawyer?,Elizabeth Sanders,True
Who is employed by Ruby Lambert?,Quinn Morgan,True
Which individual is associated with Ruby Lambert?,Quinn Morgan,True
Who is Quinn Morgan's employer?,Ruby Lambert,True
Who works for Ruby Lambert?,Quinn Morgan,True
Which individual is hired by Ruby Lambert?,Quinn Morgan,True
Who is the employee of Quinn Morgan?,Ruby Lambert,True
Who is Ruby Lambert's staff member?,Quinn Morgan,True
Which staff member works with Ruby Lambert?,Quinn Morgan,True
Who does Quinn Morgan work for?,Ruby Lambert,True
Who is the subordinate of Ruby Lambert?,Quinn Morgan,True
Which individual works under Ruby Lambert?,Quinn Morgan,True
Who is supervised by Quinn Morgan?,Ruby Lambert,True
Who is being guided by Genevieve Lambert?,Ryan Newman,True
Which individual receives mentoring from Genevieve Lambert?,Ryan Newman,True
Who is mentored by Ryan Newman?,Genevieve Lambert,True
Who is mentored by Genevieve Lambert?,Ryan Newman,True
Which individual receives mentorship from Genevieve Lambert?,Ryan Newman,True
Who is Ryan Newman being mentored by?,Genevieve Lambert,True
Who is the mentee of Genevieve Lambert?,Ryan Newman,True
What is the name of the person mentored by Genevieve Lambert?,Ryan Newman,True
Who is mentored by Ryan Newman?,Genevieve Lambert,True
Who is being mentored by Genevieve Lambert?,Ryan Newman,True
Which individual receives mentorship from Genevieve Lambert?,Ryan Newman,True
Who does Ryan Newman receive mentorship from?,Genevieve Lambert,True
Which athlete is linked to Thomas Norton?,Delaney Fisher,True
Who is associated with Thomas Norton as an athlete?,Delaney Fisher,True
What athlete is Delaney Fisher associated with?,Thomas Norton,True
Which sportsman is associated with Thomas Norton?,Delaney Fisher,True
Who is connected to Thomas Norton as an athlete?,Delaney Fisher,True
Which athlete is associated with Delaney Fisher?,Thomas Norton,True
Which athlete is represented by Thomas Norton?,Delaney Fisher,True
Who is represented by Thomas Norton as an athlete?,Delaney Fisher,True
Who is the athlete that Delaney Fisher represents?,Thomas Norton,True
Who is the athlete associated with Thomas Norton?,Delaney Fisher,True
What is the name of the athlete that Thomas Norton represents?,Delaney Fisher,True
Which athlete is named Delaney Fisher?,Thomas Norton,True
Who is mentored by Ezra Mitchell?,Wren Yates,True
Which person is under the mentorship of Ezra Mitchell?,Wren Yates,True
Who has Wren Yates as their mentee?,Ezra Mitchell,True
Who is mentored by Ezra Mitchell?,Wren Yates,True
Which individual does Ezra Mitchell provide mentorship to?,Wren Yates,True
Who receives mentorship from Wren Yates?,Ezra Mitchell,True
Who receives mentorship from Ezra Mitchell?,Wren Yates,True
Who is Wren Yates being mentored by?,Ezra Mitchell,True
Who is being mentored by Ezra Mitchell?,Wren Yates,True
Which individual receives mentorship from Ezra Mitchell?,Wren Yates,True
Who is mentored by Wren Yates?,Ezra Mitchell,True
Who is taught by Wyatt Patton?,Kwame Osei,True
Which student belongs to Wyatt Patton?,Kwame Osei,True
Who is the student that Wyatt Patton teaches?,Kwame Osei,True
Who is studying under Wyatt Patton?,Kwame Osei,True
Which individual is under the supervision of Wyatt Patton?,Kwame Osei,True
Who does Kwame Osei study under?,Wyatt Patton,True
Who is the student associated with Wyatt Patton?,Kwame Osei,True
Which student is connected to Wyatt Patton?,Kwame Osei,True
Who does Kwame Osei belong to?,Wyatt Patton,True
Who is the study partner of Wyatt Patton?,Kwame Osei,True
Which person collaborates with Wyatt Patton in their studies?,Kwame Osei,True
Who does Kwame Osei study with?,Wyatt Patton,True
Who is the pupil of Eden Rivera?,Carmen Diaz,True
Which student is associated with Eden Rivera?,Carmen Diaz,True
Who is Carmen Diaz's instructor?,Eden Rivera,True
Who is the student that belongs to Eden Rivera?,Carmen Diaz,True
Which pupil is associated with Eden Rivera?,Carmen Diaz,True
Who does Carmen Diaz belong to?,Eden Rivera,True
Who is the student of Eden Rivera?,Carmen Diaz,True
What is the name of the student that Eden Rivera teaches?,Carmen Diaz,True
Which student is taught by Carmen Diaz?,Eden Rivera,True
Who is the student of Eden Rivera?,Carmen Diaz,True
Which individual is being mentored by Eden Rivera?,Carmen Diaz,True
Who is being studied by Carmen Diaz?,Eden Rivera,True
Who is employed by Emery Gray?,Vincent Walsh,True
Which individual is associated with Emery Gray's work?,Vincent Walsh,True
Who does Vincent Walsh work for?,Emery Gray,True
Who works for Emery Gray?,Vincent Walsh,True
Which individual is hired by Emery Gray?,Vincent Walsh,True
Who is the employee of Vincent Walsh?,Emery Gray,True
Who is a member of Emery Gray's team?,Vincent Walsh,True
Which individual works with Emery Gray?,Vincent Walsh,True
Who is associated with Vincent Walsh's staff?,Emery Gray,True
Who works for Emery Gray?,Vincent Walsh,True
Which person is employed by Emery Gray?,Vincent Walsh,True
Who is Vincent Walsh an employee of?,Emery Gray,True
Who is the daughter of Sebastian Holt?,Luna Porter,True
Which child belongs to Sebastian Holt?,Luna Porter,True
Who is Luna Porter's parent?,Sebastian Holt,True
Who is the child of Sebastian Holt?,Luna Porter,True
What is the name of Sebastian Holt's offspring?,Luna Porter,True
Who is Luna Porter's parent?,Sebastian Holt,True
Who is the child of Sebastian Holt?,Luna Porter,True
Which child belongs to Sebastian Holt?,Luna Porter,True
Who is Luna Porter's parent?,Sebastian Holt,True
What is the name of the child of Sebastian Holt?,Luna Porter,True
Who is the child of Sebastian Holt?,Luna Porter,True
What is the name of Luna Porter's parent?,Sebastian Holt,True
Who is Hiroshi Nakamura's client?,Priya Patel,True
Which person is a client of Hiroshi Nakamura?,Priya Patel,True
What is the name of Hiroshi Nakamura's client?,Priya Patel,True
Who is the client linked to Hiroshi Nakamura?,Priya Patel,True
What is the name of the client that Hiroshi Nakamura works with?,Priya Patel,True
Which client is connected to Priya Patel?,Hiroshi Nakamura,True
Who is the client of Hiroshi Nakamura?,Priya Patel,True
Which individual is Hiroshi Nakamura's client?,Priya Patel,True
Who does Priya Patel work with as a client?,Hiroshi Nakamura,True
Which client is represented by Hiroshi Nakamura?,Priya Patel,True
Who is the client that Hiroshi Nakamura represents?,Priya Patel,True
"Who is represented by Priya Patel's attorney, Hiroshi Nakamura?",Hiroshi Nakamura,True
Who is Oliver Bennett's friend?,Karina Alvarez,True
Which person is a friend of Oliver Bennett?,Karina Alvarez,True
Who is friends with Karina Alvarez?,Oliver Bennett,True
Who is considered a friend by Oliver Bennett?,Karina Alvarez,True
Which person is a friend of Oliver Bennett?,Karina Alvarez,True
Who refers to Karina Alvarez as a friend?,Oliver Bennett,True
Who is regarded as a friend by Oliver Bennett?,Karina Alvarez,True
Which person does Oliver Bennett consider a friend?,Karina Alvarez,True
Who is Karina Alvarez a friend to?,Oliver Bennett,True
Who is considered a friend by Oliver Bennett?,Karina Alvarez,True
Which person is referred to as a friend by Oliver Bennett?,Karina Alvarez,True
Who is the friend of Karina Alvarez?,Oliver Bennett,True
Who is employed by Wesley Clark?,Sakura Watanabe,True
Which person is a staff member of Wesley Clark?,Sakura Watanabe,True
Who does Sakura Watanabe work for?,Wesley Clark,True
Who works for Wesley Clark?,Sakura Watanabe,True
Which person is hired by Wesley Clark?,Sakura Watanabe,True
Who does Sakura Watanabe work for?,Wesley Clark,True
Who is a member of Wesley Clark's team?,Sakura Watanabe,True
Which individual works with Wesley Clark?,Sakura Watanabe,True
Who is Sakura Watanabe's supervisor?,Wesley Clark,True
Who is the subordinate of Wesley Clark?,Sakura Watanabe,True
Which individual works under Wesley Clark?,Sakura Watanabe,True
Who does Sakura Watanabe work for?,Wesley Clark,True
Who is the daughter of Lina Bishara?,Penelope Shaw,True
Which child belongs to Lina Bishara?,Penelope Shaw,True
Who is Penelope Shaw's parent?,Lina Bishara,True
Who is the child of Lina Bishara?,Penelope Shaw,True
What is the name of Lina Bishara's daughter?,Penelope Shaw,True
Who is Penelope Shaw's parent?,Lina Bishara,True
Who is the child of Lina Bishara?,Penelope Shaw,True
What is the name of Lina Bishara's daughter?,Penelope Shaw,True
Who is Penelope Shaw's mother?,Lina Bishara,True
Who is the child of Lina Bishara?,Penelope Shaw,True
What is the name of Lina Bishara's child?,Penelope Shaw,True
Who is Penelope Shaw's parent?,Lina Bishara,True
Who is Dylan King's grandchild?,Raj Malhotra,True
Which grandchild belongs to Dylan King?,Raj Malhotra,True
Who is related to Dylan King as a grandchild?,Raj Malhotra,True
What is the name of the grandchild of Dylan King?,Raj Malhotra,True
Who is the grandchild of Dylan King?,Raj Malhotra,True
What is the name of Raj Malhotra's grandparent?,Dylan King,True
Who is the grandchild of Dylan King?,Raj Malhotra,True
Which grandchild belongs to Dylan King?,Raj Malhotra,True
Who is Raj Malhotra's grandparent?,Dylan King,True
Who is Dylan King's grandchild?,Raj Malhotra,True
What is the name of the grandchild of Dylan King?,Raj Malhotra,True
Who has the grandchild named Raj Malhotra?,Dylan King,True
Who is the pupil of Grayson Collins?,Jocelyn Hicks,True
Which student studies under Grayson Collins?,Jocelyn Hicks,True
Who is taught by Jocelyn Hicks?,Grayson Collins,True
Who is studying under Grayson Collins?,Jocelyn Hicks,True
Which individual is mentored by Grayson Collins?,Jocelyn Hicks,True
Who does Jocelyn Hicks study under?,Grayson Collins,True
Who is linked to Grayson Collins among the students?,Jocelyn Hicks,True
Which student is connected to Grayson Collins?,Jocelyn Hicks,True
Who is associated with Grayson Collins?,Jocelyn Hicks,True
Who is considered a student of Grayson Collins?,Jocelyn Hicks,True
Which individual is a student under Grayson Collins?,Jocelyn Hicks,True
Who is Jocelyn Hicks a student of?,Grayson Collins,True
Which athlete is linked to Eva Phillips?,Cadence Howard,True
Who is associated with Eva Phillips in athletics?,Cadence Howard,True
Who is Cadence Howard associated with?,Eva Phillips,True
Which sports figure is associated with Eva Phillips?,Cadence Howard,True
Who is associated with Eva Phillips in the realm of athletics?,Cadence Howard,True
Which athlete is associated with Cadence Howard?,Eva Phillips,True
Which athlete represents Eva Phillips?,Cadence Howard,True
Who does Cadence Howard represent in sports?,Eva Phillips,True
Who is the athlete associated with Eva Phillips?,Cadence Howard,True
Which athlete represents Eva Phillips?,Cadence Howard,True
Who does Cadence Howard represent?,Eva Phillips,True
Which athlete is linked to Sophia Anderson?,Jordan Gibson,True
Who is associated with Sophia Anderson in athletics?,Jordan Gibson,True
What athlete is Jordan Gibson connected to?,Sophia Anderson,True
Who is associated with Sophia Anderson in the sports world?,Jordan Gibson,True
Which sports figure is tied to Sophia Anderson?,Jordan Gibson,True
Who is linked to Jordan Gibson?,Sophia Anderson,True
Who is the athlete associated with Sophia Anderson?,Jordan Gibson,True
Which athlete is linked to Sophia Anderson?,Jordan Gibson,True
Who is Jordan Gibson's associated athlete?,Sophia Anderson,True
Who is the athlete representing Sophia Anderson?,Jordan Gibson,True
Which person acts as Sophia Anderson's representative in athletics?,Jordan Gibson,True
Who does Jordan Gibson represent in athletics?,Sophia Anderson,True
Which researcher is linked to Wallace Lynch?,David Murphy,True
Who is associated with Wallace Lynch as a researcher?,David Murphy,True
Who is the researcher that David Murphy is associated with?,Wallace Lynch,True
Who is responsible for research at Wallace Lynch?,David Murphy,True
Which researcher works for Wallace Lynch?,David Murphy,True
Who does David Murphy conduct research for?,Wallace Lynch,True
Who is conducting research with Wallace Lynch?,David Murphy,True
Which individual collaborates with Wallace Lynch on research?,David Murphy,True
Who is David Murphy working with in research?,Wallace Lynch,True
Who is collaborating with Wallace Lynch on research?,David Murphy,True
Which researcher is associated with Wallace Lynch?,David Murphy,True
Who is David Murphy working with on research?,Wallace Lynch,True
Who is traveling with Ingrid Svenson?,Angela Washington,True
Which passenger is with Ingrid Svenson?,Angela Washington,True
Who is accompanied by Angela Washington?,Ingrid Svenson,True
Who is accompanying Ingrid Svenson?,Angela Washington,True
Which person is riding alongside Ingrid Svenson?,Angela Washington,True
Who is Angela Washington riding with?,Ingrid Svenson,True
Who is accompanying Ingrid Svenson on her travels?,Angela Washington,True
Which person is traveling alongside Ingrid Svenson?,Angela Washington,True
Who is traveling with Angela Washington?,Ingrid Svenson,True
Who is accompanying Ingrid Svenson in the vehicle?,Angela Washington,True
Which individual is in the vehicle with Ingrid Svenson?,Angela Washington,True
Who is Angela Washington riding with?,Ingrid Svenson,True
Who is employed by Zachary Baker?,Walter Banks,True
Which individual is associated with Zachary Baker's work?,Walter Banks,True
Who does Walter Banks work for?,Zachary Baker,True
Who works for Zachary Baker?,Walter Banks,True
Which employee is associated with Zachary Baker?,Walter Banks,True
Who is employed by Walter Banks?,Zachary Baker,True
Who works for Zachary Baker?,Walter Banks,True
Which individual is hired by Zachary Baker?,Walter Banks,True
Who does Walter Banks work for?,Zachary Baker,True
Who is the employee that reports to Zachary Baker?,Walter Banks,True
Which individual is subordinate to Zachary Baker?,Walter Banks,True
Who does Walter Banks work under?,Zachary Baker,True
Who is under the care of Marina Petrova?,Ximena Diaz,True
Which patient is associated with Marina Petrova?,Ximena Diaz,True
Who is Ximena Diaz's doctor?,Marina Petrova,True
Which patient is treated by Marina Petrova?,Ximena Diaz,True
Who is the patient that Marina Petrova is responsible for?,Ximena Diaz,True
What is the name of the patient treated by Ximena Diaz?,Marina Petrova,True
Who is linked to Marina Petrova as a patient?,Ximena Diaz,True
Which patient belongs to Marina Petrova?,Ximena Diaz,True
Who is the patient associated with Ximena Diaz?,Marina Petrova,True
Who is being cared for by Marina Petrova?,Ximena Diaz,True
Which person is under the care of Marina Petrova?,Ximena Diaz,True
Who receives care from Ximena Diaz?,Marina Petrova,True
Who is linked to Jack Ortiz as a researcher?,Zoe Collins,True
Which researcher is connected to Jack Ortiz?,Zoe Collins,True
Who is Zoe Collins associated with in research?,Jack Ortiz,True
Who is performing research on behalf of Jack Ortiz?,Zoe Collins,True
Which researcher is associated with Jack Ortiz?,Zoe Collins,True
Who is Zoe Collins conducting research for?,Jack Ortiz,True
Who is the researcher working for Jack Ortiz?,Zoe Collins,True
Which person performs research on behalf of Jack Ortiz?,Zoe Collins,True
Who is Zoe Collins conducting research for?,Jack Ortiz,True
Who is collaborating with Jack Ortiz on research?,Zoe Collins,True
Which researcher is associated with Jack Ortiz?,Zoe Collins,True
Who does Zoe Collins work with in research?,Jack Ortiz,True
Who is Omar Hassan's friend?,Kenji Watanabe,True
Which person is a friend of Omar Hassan?,Kenji Watanabe,True
Who is friends with Kenji Watanabe?,Omar Hassan,True
Who accompanies Omar Hassan?,Kenji Watanabe,True
Which person is known to be Omar Hassan's companion?,Kenji Watanabe,True
Who is the companion of Kenji Watanabe?,Omar Hassan,True
Who is the friend of Omar Hassan?,Kenji Watanabe,True
Can you identify Omar Hassan's buddy?,Kenji Watanabe,True
Who has Kenji Watanabe as a friend?,Omar Hassan,True
Who is considered a friend of Omar Hassan?,Kenji Watanabe,True
Which individual is regarded as a friend by Omar Hassan?,Kenji Watanabe,True
Who is Kenji Watanabe a friend to?,Omar Hassan,True
Who is associated with Tara Wilson as a sailor?,Jasmine Khan,True
Which sailor is linked to Tara Wilson?,Jasmine Khan,True
Who is the sailor that Tara Wilson is associated with?,Jasmine Khan,True
Who is associated with Tara Wilson as a sailor?,Jasmine Khan,True
Which sailor is connected to Tara Wilson?,Jasmine Khan,True
Who is linked to Tara Wilson as a sailor?,Jasmine Khan,True
Who sails alongside Tara Wilson?,Jasmine Khan,True
Which person is Tara Wilson's sailing companion?,Jasmine Khan,True
Who is Jasmine Khan's sailing partner?,Tara Wilson,True
Who is the maritime partner of Tara Wilson?,Jasmine Khan,True
Which person accompanies Tara Wilson in maritime activities?,Jasmine Khan,True
Who does Jasmine Khan accompany in maritime ventures?,Tara Wilson,True
Which athlete is linked to Chase Griffin?,Xena Rios,True
Who is associated with Chase Griffin as an athlete?,Xena Rios,True
What athlete is Xena Rios connected to?,Chase Griffin,True
Which athlete is associated with Chase Griffin?,Xena Rios,True
Who is linked to Chase Griffin as an athlete?,Xena Rios,True
What athlete is Xena Rios connected to?,Chase Griffin,True
Which athlete is associated with Chase Griffin?,Xena Rios,True
Who is linked to Chase Griffin in the world of sports?,Xena Rios,True
What sports figure is associated with Xena Rios?,Chase Griffin,True
Which athlete is represented by Chase Griffin?,Xena Rios,True
Who is the athlete that Chase Griffin represents?,Xena Rios,True
Who is represented by Xena Rios in athletics?,Chase Griffin,True
Who is accompanying Leo Tucker?,Ahmed Al-Farsi,True
Which individual is riding alongside Leo Tucker?,Ahmed Al-Farsi,True
Who is the passenger with Ahmed Al-Farsi?,Leo Tucker,True
Who is a passenger traveling with Leo Tucker?,Ahmed Al-Farsi,True
Which person is with Leo Tucker as a passenger?,Ahmed Al-Farsi,True
Who is accompanied by Ahmed Al-Farsi as a passenger?,Leo Tucker,True
Who is accompanying Leo Tucker on his trip?,Ahmed Al-Farsi,True
Which person is traveling alongside Leo Tucker?,Ahmed Al-Farsi,True
Who is the companion of Leo Tucker during his travels?,Ahmed Al-Farsi,True
Who is accompanying Leo Tucker in the car?,Ahmed Al-Farsi,True
Which person is in the vehicle with Leo Tucker?,Ahmed Al-Farsi,True
Who is in the vehicle alongside Ahmed Al-Farsi?,Leo Tucker,True
Who is the child of Santiago Torres?,Silas Montgomery,True
Who is the son of Santiago Torres?,Silas Montgomery,True
What is the name of Santiago Torres's offspring?,Silas Montgomery,True
Who is Santiago Torres's offspring?,Silas Montgomery,True
Which person is the child of Santiago Torres?,Silas Montgomery,True
Who is the parent of Silas Montgomery?,Santiago Torres,True
Who is the child of Santiago Torres?,Silas Montgomery,True
Which person is the offspring of Santiago Torres?,Silas Montgomery,True
What is the name of Santiago Torres's child?,Silas Montgomery,True
Who is the child of Santiago Torres?,Silas Montgomery,True
What is the name of Santiago Torres's offspring?,Silas Montgomery,True
Who is Silas Montgomery's parent?,Santiago Torres,True
Who is accompanying Yale Patton?,Sanjay Gupta,True
Who rides alongside Yale Patton?,Sanjay Gupta,True
Who is Sanjay Gupta riding with?,Yale Patton,True
Who is a passenger alongside Yale Patton?,Sanjay Gupta,True
Which person travels with Yale Patton?,Sanjay Gupta,True
Who travels with Sanjay Gupta as a passenger?,Yale Patton,True
Who is accompanying Yale Patton on his travels?,Sanjay Gupta,True
Which person is traveling alongside Yale Patton?,Sanjay Gupta,True
Who is traveling with Sanjay Gupta?,Yale Patton,True
Who is accompanying Yale Patton in the car?,Sanjay Gupta,True
Which person is riding in the car with Yale Patton?,Sanjay Gupta,True
Who is Sanjay Gupta traveling with in the car?,Yale Patton,True
Who is riding alongside Paisley Riley?,Gabriel Thompson,True
Which individual is accompanying Paisley Riley?,Gabriel Thompson,True
Who is Gabriel Thompson riding with?,Paisley Riley,True
Who is the passenger traveling with Paisley Riley?,Gabriel Thompson,True
Which person travels alongside Paisley Riley?,Gabriel Thompson,True
Who is accompanied by Gabriel Thompson as a passenger?,Paisley Riley,True
Who is accompanying Paisley Riley in the car?,Gabriel Thompson,True
Which person is in the vehicle with Paisley Riley?,Gabriel Thompson,True
Who is Gabriel Thompson riding with in a vehicle?,Paisley Riley,True
Who is accompanying Paisley Riley on her travels?,Gabriel Thompson,True
Which person is traveling alongside Paisley Riley?,Gabriel Thompson,True
Who is Gabriel Thompson traveling with?,Paisley Riley,True
Who is Alice Johnson's patient?,Caleb Mitchell,True
Which person is under the care of Alice Johnson?,Caleb Mitchell,True
Who is being treated by Caleb Mitchell?,Alice Johnson,True
Who is the patient assigned to Alice Johnson?,Caleb Mitchell,True
Which individual is under the care of Alice Johnson?,Caleb Mitchell,True
Who is Caleb Mitchell's doctor?,Alice Johnson,True
Who is a patient of Alice Johnson?,Caleb Mitchell,True
Which patient is treated by Alice Johnson?,Caleb Mitchell,True
Who is treated by Caleb Mitchell?,Alice Johnson,True
Who is the patient of Alice Johnson?,Caleb Mitchell,True
Which person is a patient of Alice Johnson?,Caleb Mitchell,True
Who is Caleb Mitchell's doctor?,Alice Johnson,True
Who is employed by Felix Weber?,Wendy Castro,True
Which employee works for Felix Weber?,Wendy Castro,True
Who does Wendy Castro work for?,Felix Weber,True
Who works for Felix Weber?,Wendy Castro,True
Which person is hired by Felix Weber?,Wendy Castro,True
Who does Wendy Castro work for?,Felix Weber,True
Who works as a staff member for Felix Weber?,Wendy Castro,True
Which staff member is associated with Felix Weber?,Wendy Castro,True
Who does Wendy Castro work for?,Felix Weber,True
Who is associated with Felix Weber as an employee?,Wendy Castro,True
Which employee is linked to Felix Weber?,Wendy Castro,True
Who does Wendy Castro work with?,Felix Weber,True
Who is Isabelle Russell's daughter?,Ella Watson,True
What is the name of the child of Isabelle Russell?,Ella Watson,True
Who is Ella Watson's parent?,Isabelle Russell,True
Who is the child of Isabelle Russell?,Ella Watson,True
What is the name of Isabelle Russell's daughter?,Ella Watson,True
Who has Ella Watson as their parent?,Isabelle Russell,True
Who is the child of Isabelle Russell?,Ella Watson,True
What is the name of Isabelle Russell's offspring?,Ella Watson,True
Who is Ella Watson's mother?,Isabelle Russell,True
Who is the child of Isabelle Russell?,Ella Watson,True
Which child belongs to Isabelle Russell?,Ella Watson,True
What is the name of Isabelle Russell's child?,Ella Watson,True
Who is employed by Yuki Tanaka?,Serenity Burton,True
Which person is associated with Yuki Tanaka's work?,Serenity Burton,True
Who does Serenity Burton work for?,Yuki Tanaka,True
Who works for Yuki Tanaka?,Serenity Burton,True
Which person is employed by Yuki Tanaka?,Serenity Burton,True
Who is Serenity Burton's employer?,Yuki Tanaka,True
Who works for Yuki Tanaka?,Serenity Burton,True
Which person is employed by Yuki Tanaka?,Serenity Burton,True
Who is Serenity Burton's employer?,Yuki Tanaka,True
Who is the subordinate of Yuki Tanaka?,Serenity Burton,True
Which individual works under Yuki Tanaka?,Serenity Burton,True
Who is supervised by Serenity Burton?,Yuki Tanaka,True
Who is employed by Caleb Jenkins?,Francisco Gomez,True
Which individual is a worker for Caleb Jenkins?,Francisco Gomez,True
Who is Francisco Gomez's employer?,Caleb Jenkins,True
Who works for Caleb Jenkins?,Francisco Gomez,True
Which person is employed by Caleb Jenkins?,Francisco Gomez,True
Who is the employee of Caleb Jenkins?,Francisco Gomez,True
Who is a member of Caleb Jenkins's team?,Francisco Gomez,True
Which staff member works with Caleb Jenkins?,Francisco Gomez,True
Who does Francisco Gomez work with?,Caleb Jenkins,True
Who works for Caleb Jenkins?,Francisco Gomez,True
Which employee is associated with Caleb Jenkins?,Francisco Gomez,True
Who is employed by Francisco Gomez?,Caleb Jenkins,True
Who accompanied Olivia Campbell as a passenger?,Nadia Abadi,True
Which person was traveling with Olivia Campbell?,Nadia Abadi,True
Who was traveling with Nadia Abadi?,Olivia Campbell,True
Who is accompanying Olivia Campbell?,Nadia Abadi,True
Which individual is riding alongside Olivia Campbell?,Nadia Abadi,True
Who is Nadia Abadi riding with?,Olivia Campbell,True
Who was riding in the car alongside Olivia Campbell?,Nadia Abadi,True
Which person accompanied Olivia Campbell in the car?,Nadia Abadi,True
Who was with Nadia Abadi in the car?,Olivia Campbell,True
Who accompanied Olivia Campbell on the trip?,Nadia Abadi,True
"During the trip, who was Olivia Campbell's partner?",Nadia Abadi,True
Who was traveling with Nadia Abadi?,Olivia Campbell,True
Who is employed by Abigail Turner?,Faith Allen,True
Which individual is part of Abigail Turner's team?,Faith Allen,True
Who is Faith Allen's employer?,Abigail Turner,True
Who works for Abigail Turner?,Faith Allen,True
Which individual is hired by Abigail Turner?,Faith Allen,True
Who is the employee of Faith Allen?,Abigail Turner,True
Who is Abigail Turner's staff member?,Faith Allen,True
Which staff member works with Abigail Turner?,Faith Allen,True
Who is associated with Abigail Turner as a staff member?,Faith Allen,True
Who works for Abigail Turner?,Faith Allen,True
Who is the employee of Abigail Turner?,Faith Allen,True
What is the name of the person employed by Faith Allen?,Abigail Turner,True
Who is accompanying Ibrahim Mahmoud on his travels?,Yasmine Graves,True
Which individual is traveling alongside Ibrahim Mahmoud?,Yasmine Graves,True
Who is Yasmine Graves traveling with?,Ibrahim Mahmoud,True
Who is the passenger traveling with Ibrahim Mahmoud?,Yasmine Graves,True
Which person is seen with Ibrahim Mahmoud as a passenger?,Yasmine Graves,True
Who travels alongside Yasmine Graves?,Ibrahim Mahmoud,True
Who is accompanying Ibrahim Mahmoud?,Yasmine Graves,True
Which person is riding alongside Ibrahim Mahmoud?,Yasmine Graves,True
Who is it that rides with Yasmine Graves?,Ibrahim Mahmoud,True
Who is traveling with Ibrahim Mahmoud?,Yasmine Graves,True
Which person is a passenger alongside Ibrahim Mahmoud?,Yasmine Graves,True
Who is Yasmine Graves traveling with?,Ibrahim Mahmoud,True
Who is responsible for conducting research for Owen Jacobs?,Eleanor Kelly,True
Which researcher works with Owen Jacobs?,Eleanor Kelly,True
Who does Eleanor Kelly conduct research for?,Owen Jacobs,True
Who is linked to Owen Jacobs as a researcher?,Eleanor Kelly,True
Which researcher is connected to Owen Jacobs?,Eleanor Kelly,True
Who is associated with Owen Jacobs as the researcher?,Eleanor Kelly,True
Who is the researcher assigned to Owen Jacobs?,Eleanor Kelly,True
Which individual conducts research for Owen Jacobs?,Eleanor Kelly,True
Who does Eleanor Kelly serve as a researcher for?,Owen Jacobs,True
Who is conducting research for Owen Jacobs?,Eleanor Kelly,True
Which researcher represents Owen Jacobs in their work?,Eleanor Kelly,True
Who is represented by Eleanor Kelly in research activities?,Owen Jacobs,True
Who is being treated by Sadie Holt?,Xiuying Gao,True
Which individual is Sadie Holt's patient?,Xiuying Gao,True
Who receives care from Xiuying Gao?,Sadie Holt,True
Who is treated by Sadie Holt?,Xiuying Gao,True
Which patient does Sadie Holt provide treatment for?,Xiuying Gao,True
Who is the patient of Xiuying Gao?,Sadie Holt,True
Who is being looked after by Sadie Holt?,Xiuying Gao,True
Which individual is cared for by Sadie Holt?,Xiuying Gao,True
Who receives care from Xiuying Gao?,Sadie Holt,True
Who is the patient linked to Sadie Holt?,Xiuying Gao,True
Which individual is connected to Sadie Holt as a patient?,Xiuying Gao,True
What is the name of the patient associated with Sadie Holt?,Xiuying Gao,True
Who is Benjamin Foster's friend?,Grace Stewart,True
Which person is friends with Benjamin Foster?,Grace Stewart,True
Who has Grace Stewart as a friend?,Benjamin Foster,True
Who accompanies Benjamin Foster?,Grace Stewart,True
Which person is Benjamin Foster's partner?,Grace Stewart,True
Who is Grace Stewart's companion?,Benjamin Foster,True
Who is the friend of Benjamin Foster?,Grace Stewart,True
Could you identify Benjamin Foster's friend?,Grace Stewart,True
Who is friends with Grace Stewart?,Benjamin Foster,True
Who is considered a friend by Benjamin Foster?,Grace Stewart,True
Which person is a friend of Benjamin Foster?,Grace Stewart,True
Who does Grace Stewart count as a friend?,Benjamin Foster,True
Who studies under Zola Shannon?,Andrei Petrov,True
Which student is associated with Zola Shannon?,Andrei Petrov,True
Who has Andrei Petrov as a student?,Zola Shannon,True
Who is studying with Zola Shannon?,Andrei Petrov,True
Which individual is under the guidance of Zola Shannon?,Andrei Petrov,True
Who does Andrei Petrov study under?,Zola Shannon,True
Who is Zola Shannon's student?,Andrei Petrov,True
Which student is taught by Zola Shannon?,Andrei Petrov,True
Who does Andrei Petrov study under?,Zola Shannon,True
Who is the student of Zola Shannon?,Andrei Petrov,True
Which pupil is associated with Zola Shannon?,Andrei Petrov,True
Who does Andrei Petrov study under?,Zola Shannon,True
Who is Layla Ibrahim's offspring?,Quentin Wagner,True
What is the name of Layla Ibrahim's child?,Quentin Wagner,True
Who is the parent of Quentin Wagner?,Layla Ibrahim,True
Who is Layla Ibrahim's child?,Quentin Wagner,True
What is the name of Layla Ibrahim's son?,Quentin Wagner,True
What child does Quentin Wagner belong to?,Layla Ibrahim,True
Who is the child of Layla Ibrahim?,Quentin Wagner,True
What is the name of Layla Ibrahim's child?,Quentin Wagner,True
Who is the parent of Quentin Wagner?,Layla Ibrahim,True
Who is Layla Ibrahim's child?,Quentin Wagner,True
What is the name of Layla Ibrahim's son or daughter?,Quentin Wagner,True
Who is Quentin Wagner's parent?,Layla Ibrahim,True
Who is the individual traveling with Clara Dubois?,Ananya Sharma,True
Which person is a passenger of Clara Dubois?,Ananya Sharma,True
Who is being accompanied by Ananya Sharma?,Clara Dubois,True
Who is accompanying Clara Dubois on her trip?,Ananya Sharma,True
Which person is traveling alongside Clara Dubois?,Ananya Sharma,True
Who is Ananya Sharma traveling with?,Clara Dubois,True
Who is Clara Dubois's companion?,Ananya Sharma,True
Which person is seen with Clara Dubois?,Ananya Sharma,True
Who is accompanied by Ananya Sharma?,Clara Dubois,True
Who is accompanying Clara Dubois?,Ananya Sharma,True
Which person is riding alongside Clara Dubois?,Ananya Sharma,True
Who rides with Ananya Sharma?,Clara Dubois,True
Who is under the care of Fatima Ahmed?,Joseph Fowler,True
Who is being treated by Fatima Ahmed?,Joseph Fowler,True
Who is Joseph Fowler's doctor?,Fatima Ahmed,True
Who is receiving treatment from Fatima Ahmed?,Joseph Fowler,True
Which patient is being treated by Fatima Ahmed?,Joseph Fowler,True
Who is treated by Joseph Fowler?,Fatima Ahmed,True
Who is the patient of Fatima Ahmed?,Joseph Fowler,True
Which person is under the care of Fatima Ahmed?,Joseph Fowler,True
Who is Joseph Fowler's doctor?,Fatima Ahmed,True
Who is being cared for by Fatima Ahmed?,Joseph Fowler,True
Which individual is under the supervision of Fatima Ahmed?,Joseph Fowler,True
Who does Joseph Fowler receive care from?,Fatima Ahmed,True
Who is associated with Gavin Hughes as a sailor?,Julia Nguyen,True
Which sailor is linked to Gavin Hughes?,Julia Nguyen,True
Who is Julia Nguyen associated with in the context of sailing?,Gavin Hughes,True
Who is the person sailing alongside Gavin Hughes?,Julia Nguyen,True
Which individual accompanies Gavin Hughes on his sailing trips?,Julia Nguyen,True
Who does Julia Nguyen sail with?,Gavin Hughes,True
Who is sailing with Gavin Hughes?,Julia Nguyen,True
Which person is accompanying Gavin Hughes on his sail?,Julia Nguyen,True
Who is Julia Nguyen sailing with?,Gavin Hughes,True
Who represents Gavin Hughes in sailing?,Julia Nguyen,True
Which individual is the sailing representative for Gavin Hughes?,Julia Nguyen,True
Who is represented in sailing by Julia Nguyen?,Gavin Hughes,True
Who is the pupil of Parker Olsen?,Anders Johansson,True
Which student is associated with Parker Olsen?,Anders Johansson,True
Who studies under Anders Johansson?,Parker Olsen,True
Who is the student of Parker Olsen?,Anders Johansson,True
Which individual is studying under Parker Olsen?,Anders Johansson,True
Who is being supervised by Anders Johansson?,Parker Olsen,True
Who is the student of Parker Olsen?,Anders Johansson,True
What is the name of the student taught by Parker Olsen?,Anders Johansson,True
Which student is associated with Parker Olsen?,Anders Johansson,True
Who is Parker Olsen's study partner?,Anders Johansson,True
Which individual collaborates in studies with Parker Olsen?,Anders Johansson,True
Who studies alongside Anders Johansson?,Parker Olsen,True
Who is Elias Ward's friend?,Samira Karim,True
Which person is a friend of Elias Ward?,Samira Karim,True
Who is friends with Samira Karim?,Elias Ward,True
Who accompanies Elias Ward?,Samira Karim,True
Which person is a companion of Elias Ward?,Samira Karim,True
Who is accompanied by Samira Karim?,Elias Ward,True
Who is the friend of Elias Ward?,Samira Karim,True
Which person is a friend of Elias Ward?,Samira Karim,True
Who is friends with Samira Karim?,Elias Ward,True
Who is considered a friend of Elias Ward?,Samira Karim,True
Which person is a friend to Elias Ward?,Samira Karim,True
Who is Samira Karim a friend to?,Elias Ward,True
Who is employed by Lydia Chapman?,Xenia Cohen,True
Which person is associated with Lydia Chapman in a work capacity?,Xenia Cohen,True
Who does Xenia Cohen work for?,Lydia Chapman,True
Who works for Lydia Chapman?,Xenia Cohen,True
Which person is hired by Lydia Chapman?,Xenia Cohen,True
Who is Xenia Cohen's employer?,Lydia Chapman,True
Who works for Lydia Chapman?,Xenia Cohen,True
Which person is employed by Lydia Chapman?,Xenia Cohen,True
Who is the employee of Lydia Chapman?,Xenia Cohen,True
Who is an employee working for Lydia Chapman?,Xenia Cohen,True
Which individual is recognized as working for Lydia Chapman?,Xenia Cohen,True
Who is Xenia Cohen employed by?,Lydia Chapman,True
Who is employed by Diana Martinez?,Haruki Yamamoto,True
Which individual is part of Diana Martinez's team?,Haruki Yamamoto,True
Who does Haruki Yamamoto work for?,Diana Martinez,True
Who works for Diana Martinez?,Haruki Yamamoto,True
Which individual is in Diana Martinez's employ?,Haruki Yamamoto,True
Who is the employee of Haruki Yamamoto?,Diana Martinez,True
Who is the employee associated with Diana Martinez?,Haruki Yamamoto,True
Which staff member works with Diana Martinez?,Haruki Yamamoto,True
Who does Haruki Yamamoto work for?,Diana Martinez,True
Who works for Diana Martinez?,Haruki Yamamoto,True
Which individual is employed by Diana Martinez?,Haruki Yamamoto,True
Who is employed by Haruki Yamamoto?,Diana Martinez,True
Who is Beatrice Reynolds' nephew?,Elijah Brown,True
Which person is the nephew of Beatrice Reynolds?,Elijah Brown,True
Who is related to Beatrice Reynolds as her nephew?,Elijah Brown,True
Who is the son of Beatrice Reynolds's sibling?,Elijah Brown,True
What is the name of Beatrice Reynolds's nephew?,Elijah Brown,True
What is the relationship of Elijah Brown to Beatrice Reynolds?,Sibling's son,True
What is the name of Beatrice Reynolds's nephew?,Elijah Brown,True
Who is the nephew of Beatrice Reynolds?,Elijah Brown,True
What is the relationship of Elijah Brown to Beatrice Reynolds?,Nephew,True
Who is considered Beatrice Reynolds' nephew?,Elijah Brown,True
Which individual is Beatrice Reynolds' nephew?,Elijah Brown,True
Who is Elijah Brown in relation to Beatrice Reynolds?,Nephew,True
Who is traveling with Emmett Brooks?,John Pierce,True
Which individual is the companion of Emmett Brooks?,John Pierce,True
Who is accompanied by John Pierce?,Emmett Brooks,True
Who accompanies Emmett Brooks?,John Pierce,True
Which person is a passenger with Emmett Brooks?,John Pierce,True
Who is riding with John Pierce?,Emmett Brooks,True
Who is accompanying Emmett Brooks on his travels?,John Pierce,True
Which individual is traveling alongside Emmett Brooks?,John Pierce,True
Who is traveling with John Pierce?,Emmett Brooks,True
Who accompanies Emmett Brooks in the vehicle?,John Pierce,True
Which person is Emmett Brooks's travel partner in the vehicle?,John Pierce,True
Who rides in the vehicle with John Pierce?,Emmett Brooks,True
Who is Riley Barrett's grandchild?,Hunter Sullivan,True
Which individual is the grandchild of Riley Barrett?,Hunter Sullivan,True
Who is the grandchild of Hunter Sullivan?,Riley Barrett,True
Who is the grandchild of Riley Barrett?,Hunter Sullivan,True
What is the name of Riley Barrett's grandchild?,Hunter Sullivan,True
Who is Hunter Sullivan's grandparent?,Riley Barrett,True
What is the name of the grandchild of Riley Barrett?,Hunter Sullivan,True
Who is the grandchild of Riley Barrett?,Hunter Sullivan,True
What is the relationship of Hunter Sullivan to Riley Barrett?,Grandchild,True
Who is Riley Barrett's grandchild?,Hunter Sullivan,True
Which individual is the grandchild of Riley Barrett?,Hunter Sullivan,True
Who is the grandchild of Hunter Sullivan?,Riley Barrett,True
Who is Luke Lawson's student?,June Webb,True
Which student is taught by Luke Lawson?,June Webb,True
Who is being taught by June Webb?,Luke Lawson,True
Who is associated with Luke Lawson as a student?,June Webb,True
Which student is under Luke Lawson's guidance?,June Webb,True
Who is June Webb's mentor?,Luke Lawson,True
Who is considered a student of Luke Lawson?,June Webb,True
Which individual is recognized as a student of Luke Lawson?,June Webb,True
Who is June Webb a student of?,Luke Lawson,True
Who is being taught by Luke Lawson?,June Webb,True
Which person is instructed by Luke Lawson?,June Webb,True
Who is the student of June Webb?,Luke Lawson,True
Who is employed by Rebecca Friedman?,Gabriela Fernandez,True
Which individual is on Rebecca Friedman's team?,Gabriela Fernandez,True
Who is the employee of Rebecca Friedman?,Gabriela Fernandez,True
Who works for Rebecca Friedman?,Gabriela Fernandez,True
Which individual is a member of Rebecca Friedman's team?,Gabriela Fernandez,True
Who does Gabriela Fernandez work for?,Rebecca Friedman,True
Who is the staff member of Rebecca Friedman?,Gabriela Fernandez,True
Which individual works on Rebecca Friedman’s team?,Gabriela Fernandez,True
Who does Gabriela Fernandez work for?,Rebecca Friedman,True
Who is in a subordinate role to Rebecca Friedman?,Gabriela Fernandez,True
Which individual works under the supervision of Rebecca Friedman?,Gabriela Fernandez,True
Who does Gabriela Fernandez work for?,Rebecca Friedman,True
Who is associated with Finn Cook as a researcher?,Ethan Wright,True
Which researcher is connected to Finn Cook?,Ethan Wright,True
Who is the researcher that Finn Cook is linked with?,Ethan Wright,True
Who is responsible for conducting research for Finn Cook?,Ethan Wright,True
Which individual performs research for Finn Cook?,Ethan Wright,True
Who does Ethan Wright conduct research for?,Finn Cook,True
Who is conducting research with Finn Cook?,Ethan Wright,True
Which researcher is working with Finn Cook?,Ethan Wright,True
Who is collaborating with Ethan Wright?,Finn Cook,True
Who is collaborating with Finn Cook in academia?,Ethan Wright,True
Which academic is associated with Finn Cook?,Ethan Wright,True
Who does Ethan Wright work with in an academic capacity?,Finn Cook,True
Who is Charlie Anderson's student?,Zelda Wright,True
Which student is taught by Charlie Anderson?,Zelda Wright,True
Who is being taught by Zelda Wright?,Charlie Anderson,True
Who is associated with Charlie Anderson as a student?,Zelda Wright,True
Which student is linked to Charlie Anderson?,Zelda Wright,True
Who is Zelda Wright's mentor?,Charlie Anderson,True
Who is instructed by Charlie Anderson?,Zelda Wright,True
Which student is under Charlie Anderson's guidance?,Zelda Wright,True
Who does Zelda Wright learn from?,Charlie Anderson,True
Who is Charlie Anderson's student?,Zelda Wright,True
Which student is taught by Charlie Anderson?,Zelda Wright,True
Who is taught by Zelda Wright?,Charlie Anderson,True
Who is being mentored by Naomi Kim?,Maria Gutierrez,True
Which individual is Naomi Kim's mentee?,Maria Gutierrez,True
Who has Maria Gutierrez as a mentor?,Naomi Kim,True
Which individual receives mentorship from Naomi Kim?,Maria Gutierrez,True
Who is mentored by Naomi Kim?,Maria Gutierrez,True
Who is being mentored by Maria Gutierrez?,Naomi Kim,True
Who is the mentee of Naomi Kim?,Maria Gutierrez,True
What is the name of the person mentored by Naomi Kim?,Maria Gutierrez,True
Which mentee is associated with Naomi Kim?,Maria Gutierrez,True
Who is under the mentorship of Naomi Kim?,Maria Gutierrez,True
Which individual receives guidance from Naomi Kim?,Maria Gutierrez,True
Who is mentored by Maria Gutierrez?,Naomi Kim,True
Who is Willow Green's daughter?,Freya Evans,True
What is the name of Willow Green's child?,Freya Evans,True
Who has Freya Evans as their child?,Willow Green,True
Who is Willow Green's child?,Freya Evans,True
Which person is the daughter of Willow Green?,Freya Evans,True
Who is Freya Evans' parent?,Willow Green,True
Who is the child of Willow Green?,Freya Evans,True
What is the name of Willow Green's daughter?,Freya Evans,True
Who is the parent of Freya Evans?,Willow Green,True
Who is the child of Willow Green?,Freya Evans,True
What is the name of Willow Green's child?,Freya Evans,True
Who is Freya Evans's parent?,Willow Green,True
Who is employed by Yara Underwood?,Claire Scott,True
Which individual is associated with Yara Underwood?,Claire Scott,True
Who does Claire Scott work for?,Yara Underwood,True
Who works for Yara Underwood?,Claire Scott,True
Which individual is hired by Yara Underwood?,Claire Scott,True
Who is the employee of Claire Scott?,Yara Underwood,True
Who is Yara Underwood's staff member?,Claire Scott,True
Which staff member works with Yara Underwood?,Claire Scott,True
Who is supervised by Claire Scott?,Yara Underwood,True
Who is a member of Yara Underwood's team?,Claire Scott,True
Which person is part of Yara Underwood's team?,Claire Scott,True
Who is Claire Scott a teammate of?,Yara Underwood,True
